axis,value,scene,layer,readout,result
A_Liberty_Autonomy,0,S_coercive_order@pamV2on,S7,goal:affiliation,0.40910025963944785
A_Liberty_Autonomy,0,S_coercive_order@pamV2on,S7,goal:control,0.35443151892701297
A_Liberty_Autonomy,0,S_coercive_order@pamV2on,S7,goal:exploration,0.3259953742520015
A_Liberty_Autonomy,0,S_coercive_order@pamV2on,S7,goal:wealth,0.13889726629897584
A_Liberty_Autonomy,0,S_coercive_order@pamV2on,S7,goal:status,0.05232980567946936
A_Liberty_Autonomy,0,S_coercive_order@pamV2on,S7,goal:safety,0
A_Liberty_Autonomy,0,S_coercive_order@pamV2on,S7,goal:order,0
A_Liberty_Autonomy,0,S_coercive_order@pamV2on,S7,goal:rest,0.034607302375136303
A_Liberty_Autonomy,0,S_coercive_order@pamV2on,S7,util:reduce_self_threat,0.07849240810746123
A_Liberty_Autonomy,0,S_coercive_order@pamV2on,S7,util:stabilize_other,0.40910025963944785
A_Liberty_Autonomy,0,S_coercive_order@pamV2on,S7,util:verify_claim,0.15
A_Liberty_Autonomy,0,S_coercive_order@pamV2on,S7,util:preserve_cooperation,0.40910025963944785
A_Liberty_Autonomy,0,S_coercive_order@pamV2on,S7,util:confront_threat_source,0.15
A_Liberty_Autonomy,0,S_coercive_order@pamV2on,S7,util:restore_self_control,0.15
A_Liberty_Autonomy,0,S_coercive_order@pamV2on,S7,util:maintain_trust_signal,0.40910025963944785
A_Liberty_Autonomy,0,S_coercive_order@pamV2on,S7,util:deescalate_interaction,0.15
A_Liberty_Autonomy,0,S_coercive_order@pamV2on,S7,util:protect_status_position,0.08864737744008477
A_Liberty_Autonomy,0,S_coercive_order@pamV2on,S7,util:recover_resources,0.15
A_Liberty_Autonomy,0,S_coercive_order@pamV2on,S7,util:maintain_contact_channel,0.15
A_Liberty_Autonomy,0,S_coercive_order@pamV2on,S7,util:follow_order,0.06364737744008478
A_Liberty_Autonomy,0,S_coercive_order@pamV2on,S7,util:maintain_cohesion,0.48410025963944786
A_Liberty_Autonomy,0,S_coercive_order@pamV2on,S7,util:maintain_legitimacy,0.15114737744008477
A_Liberty_Autonomy,0,S_coercive_order@pamV2on,S7,util:assert_autonomy,0
A_Liberty_Autonomy,0,S_coercive_order@pamV2on,S7,util:protect_self,0.046069892773773
A_Liberty_Autonomy,0,S_coercive_order@pamV2on,S7,util:relief_from_stress,0.017286125787918244
A_Liberty_Autonomy,0,S_coercive_order@pamV2on,S7,util:help_wounded,0.40910025963944785
A_Liberty_Autonomy,0,S_coercive_order@pamV2on,S7,util:immediate_compliance,0.32153944818354885
A_Liberty_Autonomy,0,S_coercive_order@pamV2on,S7,util:go_to_surface,0.2664619635172371
A_Liberty_Autonomy,0,S_coercive_order@pamV2on,S7,util:protect_other,0.4466002596394478
A_Liberty_Autonomy,0,S_coercive_order@pamV2on,S7,util:protect_others,0.4466002596394478
A_Liberty_Autonomy,0,S_coercive_order@pamV2on,S7,util:seek_information,0.35271344658950726
A_Liberty_Autonomy,0,S_coercive_order@pamV2on,S7,util:avoid_blame,0.03864737744008477
A_Liberty_Autonomy,0,S_coercive_order@pamV2on,S7,util:follow_leader,0.051147377440084775
A_Liberty_Autonomy,0,S_coercive_order@pamV2on,S7,util:support_leader,0.27387381853976633
A_Liberty_Autonomy,0,S_coercive_order@pamV2on,S7,util:challenge_leader,0.013647377440084776
A_Liberty_Autonomy,0,S_coercive_order@pamV2on,S7,util:scrutinize_leader,0.22771344658950726
A_Liberty_Autonomy,0,S_coercive_order@pamV2on,S7,util:faction_loyalty,0.2488738185397663
A_Liberty_Autonomy,0,S_coercive_order@pamV2on,S7,util:contain_enemy,0.2414619635172371
A_Liberty_Autonomy,0,S_coercive_order@pamV2on,S7,util:monitor_enemy,0.21474389117973136
A_Liberty_Autonomy,0,S_coercive_order@pamV2on,S7,util:complete_mission,0.28403944818354887
A_Liberty_Autonomy,0,S_coercive_order@pamV2on,S7,util:preserve_knowledge,0.22499269419804116
A_Liberty_Autonomy,0,S_coercive_order@pamV2on,S7,util:contain_threat,0.2664619635172371
A_Liberty_Autonomy,0,S_coercive_order@pamV2on,S7,util:avoid_pain,0.024708641121606464
A_Liberty_Autonomy,0,S_coercive_order@pamV2on,S7,util:keep_vow,0.0813186957920828
A_Liberty_Autonomy,0,S_coercive_order@pamV2on,S7,util:uphold_values,0.08864737744008477
A_Liberty_Autonomy,0,S_coercive_order@pamV2on,S7,util:redeem_self,0.08864737744008477
A_Liberty_Autonomy,0,S_coercive_order@pamV2on,S7,util:fulfill_role,0.12614737744008478
A_Liberty_Autonomy,0,S_coercive_order@pamV2on,S7,util:protect_specific_person,0.40910025963944785
A_Liberty_Autonomy,0,S_coercive_order@pamV2on,S7,util:test_loyalty,0.2965394481835489
A_Liberty_Autonomy,0,S_coercive_order@pamV2on,S7,util:escape,0.021069892773772997
A_Liberty_Autonomy,0,S_coercive_order@pamV2on,S7,util:avenge,0.08864737744008477
A_Liberty_Autonomy,0,S_coercive_order@pamV2on,S7,util:self_preservation,0.015992408107461234
A_Liberty_Autonomy,0,S_coercive_order@pamV2on,S7,util:BODY_CIRCADIAN_RESET,0.07092487413575171
A_Liberty_Autonomy,0,S_coercive_order@pamV2on,S7,util:protect_lives,0.26879633387345453
A_Liberty_Autonomy,0,S_coercive_order@pamV2on,S7,util:maintain_order,0.3090394481835489
A_Liberty_Autonomy,0,S_coercive_order@pamV2on,S7,util:seek_status,0.13864737744008476
A_Liberty_Autonomy,0,S_coercive_order@pamV2on,S7,util:preserve_autonomy,0.008569892773773
A_Liberty_Autonomy,0,S_coercive_order@pamV2on,S7,util:serve_authority,0.12614737744008478
A_Liberty_Autonomy,0,S_coercive_order@pamV2on,S7,util:pursue_truth,0.3384953742520015
A_Liberty_Autonomy,0,S_coercive_order@pamV2on,S7,util:maintain_bonds,0.43410025963944787
A_Liberty_Autonomy,0,S_coercive_order@pamV2on,S7,util:seek_comfort,0.03720864112160647
A_Liberty_Autonomy,0,S_coercive_order@pamV2on,S7,util:self_transcendence,0.0938186957920828
A_Liberty_Autonomy,0,S_coercive_order@pamV2on,S7,util:accumulate_resources,0.2414619635172371
A_Liberty_Autonomy,0,S_coercive_order@pamV2on,S7,util:other,0.15
A_Liberty_Autonomy,0,S_coercive_order@pamV2on,S8,prior:A:escape,0.3586617593880996
A_Liberty_Autonomy,0,S_coercive_order@pamV2on,S8,prior:A:hide,0.2566793434994336
A_Liberty_Autonomy,0,S_coercive_order@pamV2on,S8,prior:A:wait,0.5763193714742479
A_Liberty_Autonomy,0,S_coercive_order@pamV2on,S8,prior:B:help,0.06358275094026787
A_Liberty_Autonomy,0,S_coercive_order@pamV2on,S8,prior:B:harm,0.11600267935043027
A_Liberty_Autonomy,0,S_coercive_order@pamV2on,S8,prior:B:ask_info,0.9311374575288497
A_Liberty_Autonomy,0,S_coercive_order@pamV2on,S8,prior:B:avoid,0.10285145046475849
A_Liberty_Autonomy,0,S_coercive_order@pamV2on,S8,prior:B:confront,0.5636686960691453
A_Liberty_Autonomy,0,S_coercive_order@pamV2on,S8,prior:B:comfort,0.39742851846720006
A_Liberty_Autonomy,0,S_coercive_order@pamV2on,S8,prior:B:praise,0.3071038551792
A_Liberty_Autonomy,0,S_coercive_order@pamV2on,S8,prior:B:apologize,0.30710385517919997
A_Liberty_Autonomy,0,S_coercive_order@pamV2on,S8,prior:B:share_resource,0.28903892252159996
A_Liberty_Autonomy,0,S_coercive_order@pamV2on,S8,prior:B:treat,0.28903892252159996
A_Liberty_Autonomy,0,S_coercive_order@pamV2on,S8,prior:B:guard,0.34323372049440004
A_Liberty_Autonomy,0,S_coercive_order@pamV2on,S8,prior:B:escort,0.2890389225216
A_Liberty_Autonomy,0,S_coercive_order@pamV2on,S8,prior:B:command,0.264295625
A_Liberty_Autonomy,0,S_coercive_order@pamV2on,S8,prior:B:threaten,0.216241875
A_Liberty_Autonomy,0,S_coercive_order@pamV2on,S8,prior:B:accuse,0.21624187500000003
A_Liberty_Autonomy,0,S_coercive_order@pamV2on,S8,prior:B:investigate,0.205
A_Liberty_Autonomy,0,S_coercive_order@pamV2on,S8,prior:B:observe_target,0.35000000000000003
A_Liberty_Autonomy,0,S_coercive_order@pamV2on,S8,prior:B:verify,0.17500000000000002
A_Liberty_Autonomy,0,S_coercive_order@pamV2on,S8,prior:B:talk,0.475
A_Liberty_Autonomy,0,S_coercive_order@pamV2on,S8,prior:B:negotiate,0.395
A_Liberty_Autonomy,0,S_coercive_order@pamV2on,S8,prior:B:signal,0.28
A_Liberty_Autonomy,0,S_coercive_order@pamV2on,S8,prior:B:call_backup,0.35000000000000003
A_Liberty_Autonomy,0,S_coercive_order@pamV2on,S8,prior:B:propose_trade,0.28
A_Liberty_Autonomy,0,S_coercive_order@pamV2on,S8,prior:B:challenge,0.02402687500000001
A_Liberty_Autonomy,0,S_coercive_order@pamV2on,S8,prior:B:defy,0
A_Liberty_Autonomy,0,S_coercive_order@pamV2on,S6,drv:safetyNeed,0.07267500000000002
A_Liberty_Autonomy,0,S_coercive_order@pamV2on,S6,drv:controlNeed,0.62488305
A_Liberty_Autonomy,0,S_coercive_order@pamV2on,S6,drv:statusNeed,0.06655842912004047
A_Liberty_Autonomy,0,S_coercive_order@pamV2on,S6,drv:affiliationNeed,0.660013338209568
A_Liberty_Autonomy,0,S_coercive_order@pamV2on,S6,drv:resolveNeed,0.05442993052326309
A_Liberty_Autonomy,0,S_coercive_order@pamV2on,S6,drv:restNeed,0
A_Liberty_Autonomy,0,S_coercive_order@pamV2on,S6,drv:curiosityNeed,0.4978814141705625
A_Liberty_Autonomy,0,S_coercive_order@pamV2on,S8,act:aff:guard:A:B,0.0703125
A_Liberty_Autonomy,0,S_coercive_order@pamV2on,S8,act:aff:negotiate:A:B,0.08984375
A_Liberty_Autonomy,0,S_coercive_order@pamV2on,S8,act:cog:wait:A,0.03125
A_Liberty_Autonomy,0,S_coercive_order@pamV2on,S8,act:aff:ask_info:A:B,0.052734375
A_Liberty_Autonomy,0,S_coercive_order@pamV2on,S8,act:cog:investigate:A:B,0.0546875
A_Liberty_Autonomy,0,S_coercive_order@pamV2on,S8,act:aff:talk:A:B,0.138671875
A_Liberty_Autonomy,0,S_coercive_order@pamV2on,S8,act:aff:share:A:B,0.044921875
A_Liberty_Autonomy,0,S_coercive_order@pamV2on,S8,act:cog:observe:A,0.056640625
A_Liberty_Autonomy,0,S_coercive_order@pamV2on,S8,act:con:challenge:A:B,0.068359375
A_Liberty_Autonomy,0,S_coercive_order@pamV2on,S8,act:cog:observe_target:A:B,0.037109375
A_Liberty_Autonomy,0,S_coercive_order@pamV2on,S8,act:cog:verify:A:B,0.068359375
A_Liberty_Autonomy,0,S_coercive_order@pamV2on,S8,act:aff:call_backup:A:B,0.05859375
A_Liberty_Autonomy,0,S_coercive_order@pamV2on,S8,act:aff:escort:A:B,0.087890625
A_Liberty_Autonomy,0,S_coercive_order@pamV2on,S8,act:aff:loot:A,0.05859375
A_Liberty_Autonomy,0,S_coercive_order@pamV2on,S8,act:cog:monologue:A,0.052734375
A_Liberty_Autonomy,0,S_coercive_order@pamV2on,S8,act:aff:submit:A:B,0.029296875
A_Liberty_Autonomy,0,S_coercive_order@pamV2on,S8,q:aff:talk:A:B,1.1916113968533069
A_Liberty_Autonomy,0,S_coercive_order@pamV2on,S8,q:aff:negotiate:A:B,0.7770153738683806
A_Liberty_Autonomy,0,S_coercive_order@pamV2on,S8,q:aff:escort:A:B,0.42827024645151807
A_Liberty_Autonomy,0,S_coercive_order@pamV2on,S8,q:cog:monologue:A,0.2907447149001595
A_Liberty_Autonomy,0,S_coercive_order@pamV2on,S8,q:aff:ask_info:A:B,0.1724549830115387
A_Liberty_Autonomy,0,S_coercive_order@pamV2on,S8,q:aff:guard:A:B,0.1657633583095617
A_Liberty_Autonomy,0,S_coercive_order@pamV2on,S8,q:aff:share:A:B,0.15153011722884932
A_Liberty_Autonomy,0,S_coercive_order@pamV2on,S8,q:aff:submit:A:B,0.05470951467541243
A_Liberty_Autonomy,0,S_coercive_order@pamV2on,S8,q:cog:observe:A,-0.014375000000000188
A_Liberty_Autonomy,0,S_coercive_order@pamV2on,S8,q:cog:observe_target:A:B,-0.039999999999999494
A_Liberty_Autonomy,0,S_coercive_order@pamV2on,S8,action_entropy,3.8885995112404705
A_Liberty_Autonomy,0,S_coercive_order@pamV2on,STATE,stress,0
A_Liberty_Autonomy,0,S_coercive_order@pamV2on,STATE,ctxDanger,0.15000000000000002
A_Liberty_Autonomy,0,S_coercive_order@pamV2on,OUTCOME,outcome:complied,0.1875
A_Liberty_Autonomy,0,S_coercive_order@pamV2on,OUTCOME,outcome:negotiated_terms,0.39453125
A_Liberty_Autonomy,0,S_coercive_order@pamV2on,OUTCOME,outcome:evaded,0.291015625
A_Liberty_Autonomy,0,S_coercive_order@pamV2on,OUTCOME,outcome:defied,0.126953125
A_Liberty_Autonomy,0,S_coercive_order@pamV2on,OUTCOME,outcome_mean_self,1.357421875
A_Liberty_Autonomy,0,S_coercive_order@pamV2on,OUTCOME,outcome_mean_other,1.478515625
A_Liberty_Autonomy,0,S_coercive_order@pamV2on,OUTCOME,coop_rate,0
A_Liberty_Autonomy,0,S_coercive_order@pamV2on,OUTCOME,unclassified_rate,0
A_Liberty_Autonomy,0.16666666666666666,S_coercive_order@pamV2on,S7,goal:affiliation,0.40910025963944785
A_Liberty_Autonomy,0.16666666666666666,S_coercive_order@pamV2on,S7,goal:control,0.35443151892701297
A_Liberty_Autonomy,0.16666666666666666,S_coercive_order@pamV2on,S7,goal:exploration,0.3259953742520015
A_Liberty_Autonomy,0.16666666666666666,S_coercive_order@pamV2on,S7,goal:wealth,0.13889726629897584
A_Liberty_Autonomy,0.16666666666666666,S_coercive_order@pamV2on,S7,goal:status,0.05232980567946936
A_Liberty_Autonomy,0.16666666666666666,S_coercive_order@pamV2on,S7,goal:safety,0
A_Liberty_Autonomy,0.16666666666666666,S_coercive_order@pamV2on,S7,goal:order,0
A_Liberty_Autonomy,0.16666666666666666,S_coercive_order@pamV2on,S7,goal:rest,0.034607302375136303
A_Liberty_Autonomy,0.16666666666666666,S_coercive_order@pamV2on,S7,util:reduce_self_threat,0.07849240810746123
A_Liberty_Autonomy,0.16666666666666666,S_coercive_order@pamV2on,S7,util:stabilize_other,0.40910025963944785
A_Liberty_Autonomy,0.16666666666666666,S_coercive_order@pamV2on,S7,util:verify_claim,0.15
A_Liberty_Autonomy,0.16666666666666666,S_coercive_order@pamV2on,S7,util:preserve_cooperation,0.40910025963944785
A_Liberty_Autonomy,0.16666666666666666,S_coercive_order@pamV2on,S7,util:confront_threat_source,0.15
A_Liberty_Autonomy,0.16666666666666666,S_coercive_order@pamV2on,S7,util:restore_self_control,0.15
A_Liberty_Autonomy,0.16666666666666666,S_coercive_order@pamV2on,S7,util:maintain_trust_signal,0.40910025963944785
A_Liberty_Autonomy,0.16666666666666666,S_coercive_order@pamV2on,S7,util:deescalate_interaction,0.15
A_Liberty_Autonomy,0.16666666666666666,S_coercive_order@pamV2on,S7,util:protect_status_position,0.08864737744008477
A_Liberty_Autonomy,0.16666666666666666,S_coercive_order@pamV2on,S7,util:recover_resources,0.15
A_Liberty_Autonomy,0.16666666666666666,S_coercive_order@pamV2on,S7,util:maintain_contact_channel,0.15
A_Liberty_Autonomy,0.16666666666666666,S_coercive_order@pamV2on,S7,util:follow_order,0.06364737744008478
A_Liberty_Autonomy,0.16666666666666666,S_coercive_order@pamV2on,S7,util:maintain_cohesion,0.48410025963944786
A_Liberty_Autonomy,0.16666666666666666,S_coercive_order@pamV2on,S7,util:maintain_legitimacy,0.15114737744008477
A_Liberty_Autonomy,0.16666666666666666,S_coercive_order@pamV2on,S7,util:assert_autonomy,0
A_Liberty_Autonomy,0.16666666666666666,S_coercive_order@pamV2on,S7,util:protect_self,0.046069892773773
A_Liberty_Autonomy,0.16666666666666666,S_coercive_order@pamV2on,S7,util:relief_from_stress,0.017286125787918244
A_Liberty_Autonomy,0.16666666666666666,S_coercive_order@pamV2on,S7,util:help_wounded,0.40910025963944785
A_Liberty_Autonomy,0.16666666666666666,S_coercive_order@pamV2on,S7,util:immediate_compliance,0.32153944818354885
A_Liberty_Autonomy,0.16666666666666666,S_coercive_order@pamV2on,S7,util:go_to_surface,0.2664619635172371
A_Liberty_Autonomy,0.16666666666666666,S_coercive_order@pamV2on,S7,util:protect_other,0.4466002596394478
A_Liberty_Autonomy,0.16666666666666666,S_coercive_order@pamV2on,S7,util:protect_others,0.4466002596394478
A_Liberty_Autonomy,0.16666666666666666,S_coercive_order@pamV2on,S7,util:seek_information,0.35271344658950726
A_Liberty_Autonomy,0.16666666666666666,S_coercive_order@pamV2on,S7,util:avoid_blame,0.03864737744008477
A_Liberty_Autonomy,0.16666666666666666,S_coercive_order@pamV2on,S7,util:follow_leader,0.051147377440084775
A_Liberty_Autonomy,0.16666666666666666,S_coercive_order@pamV2on,S7,util:support_leader,0.27387381853976633
A_Liberty_Autonomy,0.16666666666666666,S_coercive_order@pamV2on,S7,util:challenge_leader,0.013647377440084776
A_Liberty_Autonomy,0.16666666666666666,S_coercive_order@pamV2on,S7,util:scrutinize_leader,0.22771344658950726
A_Liberty_Autonomy,0.16666666666666666,S_coercive_order@pamV2on,S7,util:faction_loyalty,0.2488738185397663
A_Liberty_Autonomy,0.16666666666666666,S_coercive_order@pamV2on,S7,util:contain_enemy,0.2414619635172371
A_Liberty_Autonomy,0.16666666666666666,S_coercive_order@pamV2on,S7,util:monitor_enemy,0.21474389117973136
A_Liberty_Autonomy,0.16666666666666666,S_coercive_order@pamV2on,S7,util:complete_mission,0.28403944818354887
A_Liberty_Autonomy,0.16666666666666666,S_coercive_order@pamV2on,S7,util:preserve_knowledge,0.22499269419804116
A_Liberty_Autonomy,0.16666666666666666,S_coercive_order@pamV2on,S7,util:contain_threat,0.2664619635172371
A_Liberty_Autonomy,0.16666666666666666,S_coercive_order@pamV2on,S7,util:avoid_pain,0.024708641121606464
A_Liberty_Autonomy,0.16666666666666666,S_coercive_order@pamV2on,S7,util:keep_vow,0.0813186957920828
A_Liberty_Autonomy,0.16666666666666666,S_coercive_order@pamV2on,S7,util:uphold_values,0.08864737744008477
A_Liberty_Autonomy,0.16666666666666666,S_coercive_order@pamV2on,S7,util:redeem_self,0.08864737744008477
A_Liberty_Autonomy,0.16666666666666666,S_coercive_order@pamV2on,S7,util:fulfill_role,0.12614737744008478
A_Liberty_Autonomy,0.16666666666666666,S_coercive_order@pamV2on,S7,util:protect_specific_person,0.40910025963944785
A_Liberty_Autonomy,0.16666666666666666,S_coercive_order@pamV2on,S7,util:test_loyalty,0.2965394481835489
A_Liberty_Autonomy,0.16666666666666666,S_coercive_order@pamV2on,S7,util:escape,0.021069892773772997
A_Liberty_Autonomy,0.16666666666666666,S_coercive_order@pamV2on,S7,util:avenge,0.08864737744008477
A_Liberty_Autonomy,0.16666666666666666,S_coercive_order@pamV2on,S7,util:self_preservation,0.015992408107461234
A_Liberty_Autonomy,0.16666666666666666,S_coercive_order@pamV2on,S7,util:BODY_CIRCADIAN_RESET,0.07092487413575171
A_Liberty_Autonomy,0.16666666666666666,S_coercive_order@pamV2on,S7,util:protect_lives,0.26879633387345453
A_Liberty_Autonomy,0.16666666666666666,S_coercive_order@pamV2on,S7,util:maintain_order,0.3090394481835489
A_Liberty_Autonomy,0.16666666666666666,S_coercive_order@pamV2on,S7,util:seek_status,0.13864737744008476
A_Liberty_Autonomy,0.16666666666666666,S_coercive_order@pamV2on,S7,util:preserve_autonomy,0.008569892773773
A_Liberty_Autonomy,0.16666666666666666,S_coercive_order@pamV2on,S7,util:serve_authority,0.12614737744008478
A_Liberty_Autonomy,0.16666666666666666,S_coercive_order@pamV2on,S7,util:pursue_truth,0.3384953742520015
A_Liberty_Autonomy,0.16666666666666666,S_coercive_order@pamV2on,S7,util:maintain_bonds,0.43410025963944787
A_Liberty_Autonomy,0.16666666666666666,S_coercive_order@pamV2on,S7,util:seek_comfort,0.03720864112160647
A_Liberty_Autonomy,0.16666666666666666,S_coercive_order@pamV2on,S7,util:self_transcendence,0.0938186957920828
A_Liberty_Autonomy,0.16666666666666666,S_coercive_order@pamV2on,S7,util:accumulate_resources,0.2414619635172371
A_Liberty_Autonomy,0.16666666666666666,S_coercive_order@pamV2on,S7,util:other,0.15
A_Liberty_Autonomy,0.16666666666666666,S_coercive_order@pamV2on,S8,prior:A:escape,0.3586617593880996
A_Liberty_Autonomy,0.16666666666666666,S_coercive_order@pamV2on,S8,prior:A:hide,0.2566793434994336
A_Liberty_Autonomy,0.16666666666666666,S_coercive_order@pamV2on,S8,prior:A:wait,0.5763193714742479
A_Liberty_Autonomy,0.16666666666666666,S_coercive_order@pamV2on,S8,prior:B:help,0.06358275094026787
A_Liberty_Autonomy,0.16666666666666666,S_coercive_order@pamV2on,S8,prior:B:harm,0.11600267935043027
A_Liberty_Autonomy,0.16666666666666666,S_coercive_order@pamV2on,S8,prior:B:ask_info,0.9311374575288497
A_Liberty_Autonomy,0.16666666666666666,S_coercive_order@pamV2on,S8,prior:B:avoid,0.10285145046475849
A_Liberty_Autonomy,0.16666666666666666,S_coercive_order@pamV2on,S8,prior:B:confront,0.5636686960691453
A_Liberty_Autonomy,0.16666666666666666,S_coercive_order@pamV2on,S8,prior:B:comfort,0.39742851846720006
A_Liberty_Autonomy,0.16666666666666666,S_coercive_order@pamV2on,S8,prior:B:praise,0.3071038551792
A_Liberty_Autonomy,0.16666666666666666,S_coercive_order@pamV2on,S8,prior:B:apologize,0.30710385517919997
A_Liberty_Autonomy,0.16666666666666666,S_coercive_order@pamV2on,S8,prior:B:share_resource,0.28903892252159996
A_Liberty_Autonomy,0.16666666666666666,S_coercive_order@pamV2on,S8,prior:B:treat,0.28903892252159996
A_Liberty_Autonomy,0.16666666666666666,S_coercive_order@pamV2on,S8,prior:B:guard,0.34323372049440004
A_Liberty_Autonomy,0.16666666666666666,S_coercive_order@pamV2on,S8,prior:B:escort,0.2890389225216
A_Liberty_Autonomy,0.16666666666666666,S_coercive_order@pamV2on,S8,prior:B:command,0.264295625
A_Liberty_Autonomy,0.16666666666666666,S_coercive_order@pamV2on,S8,prior:B:threaten,0.216241875
A_Liberty_Autonomy,0.16666666666666666,S_coercive_order@pamV2on,S8,prior:B:accuse,0.21624187500000003
A_Liberty_Autonomy,0.16666666666666666,S_coercive_order@pamV2on,S8,prior:B:investigate,0.205
A_Liberty_Autonomy,0.16666666666666666,S_coercive_order@pamV2on,S8,prior:B:observe_target,0.35000000000000003
A_Liberty_Autonomy,0.16666666666666666,S_coercive_order@pamV2on,S8,prior:B:verify,0.17500000000000002
A_Liberty_Autonomy,0.16666666666666666,S_coercive_order@pamV2on,S8,prior:B:talk,0.475
A_Liberty_Autonomy,0.16666666666666666,S_coercive_order@pamV2on,S8,prior:B:negotiate,0.395
A_Liberty_Autonomy,0.16666666666666666,S_coercive_order@pamV2on,S8,prior:B:signal,0.28
A_Liberty_Autonomy,0.16666666666666666,S_coercive_order@pamV2on,S8,prior:B:call_backup,0.35000000000000003
A_Liberty_Autonomy,0.16666666666666666,S_coercive_order@pamV2on,S8,prior:B:propose_trade,0.28
A_Liberty_Autonomy,0.16666666666666666,S_coercive_order@pamV2on,S8,prior:B:challenge,0.08008958333333333
A_Liberty_Autonomy,0.16666666666666666,S_coercive_order@pamV2on,S8,prior:B:defy,0.016017916666666663
A_Liberty_Autonomy,0.16666666666666666,S_coercive_order@pamV2on,S6,drv:safetyNeed,0.07267500000000002
A_Liberty_Autonomy,0.16666666666666666,S_coercive_order@pamV2on,S6,drv:controlNeed,0.62488305
A_Liberty_Autonomy,0.16666666666666666,S_coercive_order@pamV2on,S6,drv:statusNeed,0.06655842912004047
A_Liberty_Autonomy,0.16666666666666666,S_coercive_order@pamV2on,S6,drv:affiliationNeed,0.660013338209568
A_Liberty_Autonomy,0.16666666666666666,S_coercive_order@pamV2on,S6,drv:resolveNeed,0.05442993052326309
A_Liberty_Autonomy,0.16666666666666666,S_coercive_order@pamV2on,S6,drv:restNeed,0
A_Liberty_Autonomy,0.16666666666666666,S_coercive_order@pamV2on,S6,drv:curiosityNeed,0.4978814141705625
A_Liberty_Autonomy,0.16666666666666666,S_coercive_order@pamV2on,S8,act:aff:guard:A:B,0.0703125
A_Liberty_Autonomy,0.16666666666666666,S_coercive_order@pamV2on,S8,act:aff:negotiate:A:B,0.08984375
A_Liberty_Autonomy,0.16666666666666666,S_coercive_order@pamV2on,S8,act:cog:observe_target:A:B,0.03125
A_Liberty_Autonomy,0.16666666666666666,S_coercive_order@pamV2on,S8,act:aff:ask_info:A:B,0.052734375
A_Liberty_Autonomy,0.16666666666666666,S_coercive_order@pamV2on,S8,act:cog:investigate:A:B,0.0546875
A_Liberty_Autonomy,0.16666666666666666,S_coercive_order@pamV2on,S8,act:aff:talk:A:B,0.138671875
A_Liberty_Autonomy,0.16666666666666666,S_coercive_order@pamV2on,S8,act:aff:share:A:B,0.044921875
A_Liberty_Autonomy,0.16666666666666666,S_coercive_order@pamV2on,S8,act:cog:observe:A,0.056640625
A_Liberty_Autonomy,0.16666666666666666,S_coercive_order@pamV2on,S8,act:cog:wait:A,0.068359375
A_Liberty_Autonomy,0.16666666666666666,S_coercive_order@pamV2on,S8,act:con:challenge:A:B,0.037109375
A_Liberty_Autonomy,0.16666666666666666,S_coercive_order@pamV2on,S8,act:cog:verify:A:B,0.068359375
A_Liberty_Autonomy,0.16666666666666666,S_coercive_order@pamV2on,S8,act:aff:call_backup:A:B,0.05859375
A_Liberty_Autonomy,0.16666666666666666,S_coercive_order@pamV2on,S8,act:aff:escort:A:B,0.087890625
A_Liberty_Autonomy,0.16666666666666666,S_coercive_order@pamV2on,S8,act:aff:loot:A,0.05859375
A_Liberty_Autonomy,0.16666666666666666,S_coercive_order@pamV2on,S8,act:cog:monologue:A,0.052734375
A_Liberty_Autonomy,0.16666666666666666,S_coercive_order@pamV2on,S8,act:aff:submit:A:B,0.029296875
A_Liberty_Autonomy,0.16666666666666666,S_coercive_order@pamV2on,S8,q:aff:talk:A:B,1.1916113968533069
A_Liberty_Autonomy,0.16666666666666666,S_coercive_order@pamV2on,S8,q:aff:negotiate:A:B,0.7770153738683806
A_Liberty_Autonomy,0.16666666666666666,S_coercive_order@pamV2on,S8,q:aff:escort:A:B,0.42827024645151807
A_Liberty_Autonomy,0.16666666666666666,S_coercive_order@pamV2on,S8,q:cog:monologue:A,0.2907447149001595
A_Liberty_Autonomy,0.16666666666666666,S_coercive_order@pamV2on,S8,q:aff:ask_info:A:B,0.1724549830115387
A_Liberty_Autonomy,0.16666666666666666,S_coercive_order@pamV2on,S8,q:aff:guard:A:B,0.1657633583095617
A_Liberty_Autonomy,0.16666666666666666,S_coercive_order@pamV2on,S8,q:aff:share:A:B,0.15153011722884932
A_Liberty_Autonomy,0.16666666666666666,S_coercive_order@pamV2on,S8,q:aff:submit:A:B,0.05470951467541243
A_Liberty_Autonomy,0.16666666666666666,S_coercive_order@pamV2on,S8,q:cog:observe:A,-0.014375000000000188
A_Liberty_Autonomy,0.16666666666666666,S_coercive_order@pamV2on,S8,q:con:challenge:A:B,-0.02707060153986873
A_Liberty_Autonomy,0.16666666666666666,S_coercive_order@pamV2on,S8,action_entropy,3.8885995112404705
A_Liberty_Autonomy,0.16666666666666666,S_coercive_order@pamV2on,STATE,stress,0
A_Liberty_Autonomy,0.16666666666666666,S_coercive_order@pamV2on,STATE,ctxDanger,0.15000000000000002
A_Liberty_Autonomy,0.16666666666666666,S_coercive_order@pamV2on,OUTCOME,outcome:complied,0.1875
A_Liberty_Autonomy,0.16666666666666666,S_coercive_order@pamV2on,OUTCOME,outcome:negotiated_terms,0.39453125
A_Liberty_Autonomy,0.16666666666666666,S_coercive_order@pamV2on,OUTCOME,outcome:evaded,0.322265625
A_Liberty_Autonomy,0.16666666666666666,S_coercive_order@pamV2on,OUTCOME,outcome:defied,0.095703125
A_Liberty_Autonomy,0.16666666666666666,S_coercive_order@pamV2on,OUTCOME,outcome_mean_self,1.263671875
A_Liberty_Autonomy,0.16666666666666666,S_coercive_order@pamV2on,OUTCOME,outcome_mean_other,1.447265625
A_Liberty_Autonomy,0.16666666666666666,S_coercive_order@pamV2on,OUTCOME,coop_rate,0
A_Liberty_Autonomy,0.16666666666666666,S_coercive_order@pamV2on,OUTCOME,unclassified_rate,0
A_Liberty_Autonomy,0.3333333333333333,S_coercive_order@pamV2on,S7,goal:affiliation,0.40910025963944785
A_Liberty_Autonomy,0.3333333333333333,S_coercive_order@pamV2on,S7,goal:control,0.35443151892701297
A_Liberty_Autonomy,0.3333333333333333,S_coercive_order@pamV2on,S7,goal:exploration,0.3259953742520015
A_Liberty_Autonomy,0.3333333333333333,S_coercive_order@pamV2on,S7,goal:wealth,0.13889726629897584
A_Liberty_Autonomy,0.3333333333333333,S_coercive_order@pamV2on,S7,goal:status,0.05232980567946936
A_Liberty_Autonomy,0.3333333333333333,S_coercive_order@pamV2on,S7,goal:safety,0
A_Liberty_Autonomy,0.3333333333333333,S_coercive_order@pamV2on,S7,goal:order,0
A_Liberty_Autonomy,0.3333333333333333,S_coercive_order@pamV2on,S7,goal:rest,0.034607302375136303
A_Liberty_Autonomy,0.3333333333333333,S_coercive_order@pamV2on,S7,util:reduce_self_threat,0.07849240810746123
A_Liberty_Autonomy,0.3333333333333333,S_coercive_order@pamV2on,S7,util:stabilize_other,0.40910025963944785
A_Liberty_Autonomy,0.3333333333333333,S_coercive_order@pamV2on,S7,util:verify_claim,0.15
A_Liberty_Autonomy,0.3333333333333333,S_coercive_order@pamV2on,S7,util:preserve_cooperation,0.40910025963944785
A_Liberty_Autonomy,0.3333333333333333,S_coercive_order@pamV2on,S7,util:confront_threat_source,0.15
A_Liberty_Autonomy,0.3333333333333333,S_coercive_order@pamV2on,S7,util:restore_self_control,0.15
A_Liberty_Autonomy,0.3333333333333333,S_coercive_order@pamV2on,S7,util:maintain_trust_signal,0.40910025963944785
A_Liberty_Autonomy,0.3333333333333333,S_coercive_order@pamV2on,S7,util:deescalate_interaction,0.15
A_Liberty_Autonomy,0.3333333333333333,S_coercive_order@pamV2on,S7,util:protect_status_position,0.08864737744008477
A_Liberty_Autonomy,0.3333333333333333,S_coercive_order@pamV2on,S7,util:recover_resources,0.15
A_Liberty_Autonomy,0.3333333333333333,S_coercive_order@pamV2on,S7,util:maintain_contact_channel,0.15
A_Liberty_Autonomy,0.3333333333333333,S_coercive_order@pamV2on,S7,util:follow_order,0.06364737744008478
A_Liberty_Autonomy,0.3333333333333333,S_coercive_order@pamV2on,S7,util:maintain_cohesion,0.48410025963944786
A_Liberty_Autonomy,0.3333333333333333,S_coercive_order@pamV2on,S7,util:maintain_legitimacy,0.15114737744008477
A_Liberty_Autonomy,0.3333333333333333,S_coercive_order@pamV2on,S7,util:assert_autonomy,0
A_Liberty_Autonomy,0.3333333333333333,S_coercive_order@pamV2on,S7,util:protect_self,0.046069892773773
A_Liberty_Autonomy,0.3333333333333333,S_coercive_order@pamV2on,S7,util:relief_from_stress,0.017286125787918244
A_Liberty_Autonomy,0.3333333333333333,S_coercive_order@pamV2on,S7,util:help_wounded,0.40910025963944785
A_Liberty_Autonomy,0.3333333333333333,S_coercive_order@pamV2on,S7,util:immediate_compliance,0.32153944818354885
A_Liberty_Autonomy,0.3333333333333333,S_coercive_order@pamV2on,S7,util:go_to_surface,0.2664619635172371
A_Liberty_Autonomy,0.3333333333333333,S_coercive_order@pamV2on,S7,util:protect_other,0.4466002596394478
A_Liberty_Autonomy,0.3333333333333333,S_coercive_order@pamV2on,S7,util:protect_others,0.4466002596394478
A_Liberty_Autonomy,0.3333333333333333,S_coercive_order@pamV2on,S7,util:seek_information,0.35271344658950726
A_Liberty_Autonomy,0.3333333333333333,S_coercive_order@pamV2on,S7,util:avoid_blame,0.03864737744008477
A_Liberty_Autonomy,0.3333333333333333,S_coercive_order@pamV2on,S7,util:follow_leader,0.051147377440084775
A_Liberty_Autonomy,0.3333333333333333,S_coercive_order@pamV2on,S7,util:support_leader,0.27387381853976633
A_Liberty_Autonomy,0.3333333333333333,S_coercive_order@pamV2on,S7,util:challenge_leader,0.013647377440084776
A_Liberty_Autonomy,0.3333333333333333,S_coercive_order@pamV2on,S7,util:scrutinize_leader,0.22771344658950726
A_Liberty_Autonomy,0.3333333333333333,S_coercive_order@pamV2on,S7,util:faction_loyalty,0.2488738185397663
A_Liberty_Autonomy,0.3333333333333333,S_coercive_order@pamV2on,S7,util:contain_enemy,0.2414619635172371
A_Liberty_Autonomy,0.3333333333333333,S_coercive_order@pamV2on,S7,util:monitor_enemy,0.21474389117973136
A_Liberty_Autonomy,0.3333333333333333,S_coercive_order@pamV2on,S7,util:complete_mission,0.28403944818354887
A_Liberty_Autonomy,0.3333333333333333,S_coercive_order@pamV2on,S7,util:preserve_knowledge,0.22499269419804116
A_Liberty_Autonomy,0.3333333333333333,S_coercive_order@pamV2on,S7,util:contain_threat,0.2664619635172371
A_Liberty_Autonomy,0.3333333333333333,S_coercive_order@pamV2on,S7,util:avoid_pain,0.024708641121606464
A_Liberty_Autonomy,0.3333333333333333,S_coercive_order@pamV2on,S7,util:keep_vow,0.0813186957920828
A_Liberty_Autonomy,0.3333333333333333,S_coercive_order@pamV2on,S7,util:uphold_values,0.08864737744008477
A_Liberty_Autonomy,0.3333333333333333,S_coercive_order@pamV2on,S7,util:redeem_self,0.08864737744008477
A_Liberty_Autonomy,0.3333333333333333,S_coercive_order@pamV2on,S7,util:fulfill_role,0.12614737744008478
A_Liberty_Autonomy,0.3333333333333333,S_coercive_order@pamV2on,S7,util:protect_specific_person,0.40910025963944785
A_Liberty_Autonomy,0.3333333333333333,S_coercive_order@pamV2on,S7,util:test_loyalty,0.2965394481835489
A_Liberty_Autonomy,0.3333333333333333,S_coercive_order@pamV2on,S7,util:escape,0.021069892773772997
A_Liberty_Autonomy,0.3333333333333333,S_coercive_order@pamV2on,S7,util:avenge,0.08864737744008477
A_Liberty_Autonomy,0.3333333333333333,S_coercive_order@pamV2on,S7,util:self_preservation,0.015992408107461234
A_Liberty_Autonomy,0.3333333333333333,S_coercive_order@pamV2on,S7,util:BODY_CIRCADIAN_RESET,0.07092487413575171
A_Liberty_Autonomy,0.3333333333333333,S_coercive_order@pamV2on,S7,util:protect_lives,0.26879633387345453
A_Liberty_Autonomy,0.3333333333333333,S_coercive_order@pamV2on,S7,util:maintain_order,0.3090394481835489
A_Liberty_Autonomy,0.3333333333333333,S_coercive_order@pamV2on,S7,util:seek_status,0.13864737744008476
A_Liberty_Autonomy,0.3333333333333333,S_coercive_order@pamV2on,S7,util:preserve_autonomy,0.008569892773773
A_Liberty_Autonomy,0.3333333333333333,S_coercive_order@pamV2on,S7,util:serve_authority,0.12614737744008478
A_Liberty_Autonomy,0.3333333333333333,S_coercive_order@pamV2on,S7,util:pursue_truth,0.3384953742520015
A_Liberty_Autonomy,0.3333333333333333,S_coercive_order@pamV2on,S7,util:maintain_bonds,0.43410025963944787
A_Liberty_Autonomy,0.3333333333333333,S_coercive_order@pamV2on,S7,util:seek_comfort,0.03720864112160647
A_Liberty_Autonomy,0.3333333333333333,S_coercive_order@pamV2on,S7,util:self_transcendence,0.0938186957920828
A_Liberty_Autonomy,0.3333333333333333,S_coercive_order@pamV2on,S7,util:accumulate_resources,0.2414619635172371
A_Liberty_Autonomy,0.3333333333333333,S_coercive_order@pamV2on,S7,util:other,0.15
A_Liberty_Autonomy,0.3333333333333333,S_coercive_order@pamV2on,S8,prior:A:escape,0.3586617593880996
A_Liberty_Autonomy,0.3333333333333333,S_coercive_order@pamV2on,S8,prior:A:hide,0.2566793434994336
A_Liberty_Autonomy,0.3333333333333333,S_coercive_order@pamV2on,S8,prior:A:wait,0.5763193714742479
A_Liberty_Autonomy,0.3333333333333333,S_coercive_order@pamV2on,S8,prior:B:help,0.06358275094026787
A_Liberty_Autonomy,0.3333333333333333,S_coercive_order@pamV2on,S8,prior:B:harm,0.11600267935043027
A_Liberty_Autonomy,0.3333333333333333,S_coercive_order@pamV2on,S8,prior:B:ask_info,0.9311374575288497
A_Liberty_Autonomy,0.3333333333333333,S_coercive_order@pamV2on,S8,prior:B:avoid,0.10285145046475849
A_Liberty_Autonomy,0.3333333333333333,S_coercive_order@pamV2on,S8,prior:B:confront,0.5636686960691453
A_Liberty_Autonomy,0.3333333333333333,S_coercive_order@pamV2on,S8,prior:B:comfort,0.39742851846720006
A_Liberty_Autonomy,0.3333333333333333,S_coercive_order@pamV2on,S8,prior:B:praise,0.3071038551792
A_Liberty_Autonomy,0.3333333333333333,S_coercive_order@pamV2on,S8,prior:B:apologize,0.30710385517919997
A_Liberty_Autonomy,0.3333333333333333,S_coercive_order@pamV2on,S8,prior:B:share_resource,0.28903892252159996
A_Liberty_Autonomy,0.3333333333333333,S_coercive_order@pamV2on,S8,prior:B:treat,0.28903892252159996
A_Liberty_Autonomy,0.3333333333333333,S_coercive_order@pamV2on,S8,prior:B:guard,0.34323372049440004
A_Liberty_Autonomy,0.3333333333333333,S_coercive_order@pamV2on,S8,prior:B:escort,0.2890389225216
A_Liberty_Autonomy,0.3333333333333333,S_coercive_order@pamV2on,S8,prior:B:command,0.264295625
A_Liberty_Autonomy,0.3333333333333333,S_coercive_order@pamV2on,S8,prior:B:threaten,0.216241875
A_Liberty_Autonomy,0.3333333333333333,S_coercive_order@pamV2on,S8,prior:B:accuse,0.21624187500000003
A_Liberty_Autonomy,0.3333333333333333,S_coercive_order@pamV2on,S8,prior:B:investigate,0.205
A_Liberty_Autonomy,0.3333333333333333,S_coercive_order@pamV2on,S8,prior:B:observe_target,0.35000000000000003
A_Liberty_Autonomy,0.3333333333333333,S_coercive_order@pamV2on,S8,prior:B:verify,0.17500000000000002
A_Liberty_Autonomy,0.3333333333333333,S_coercive_order@pamV2on,S8,prior:B:talk,0.475
A_Liberty_Autonomy,0.3333333333333333,S_coercive_order@pamV2on,S8,prior:B:negotiate,0.395
A_Liberty_Autonomy,0.3333333333333333,S_coercive_order@pamV2on,S8,prior:B:signal,0.28
A_Liberty_Autonomy,0.3333333333333333,S_coercive_order@pamV2on,S8,prior:B:call_backup,0.35000000000000003
A_Liberty_Autonomy,0.3333333333333333,S_coercive_order@pamV2on,S8,prior:B:propose_trade,0.28
A_Liberty_Autonomy,0.3333333333333333,S_coercive_order@pamV2on,S8,prior:B:challenge,0.13615229166666667
A_Liberty_Autonomy,0.3333333333333333,S_coercive_order@pamV2on,S8,prior:B:defy,0.08008958333333334
A_Liberty_Autonomy,0.3333333333333333,S_coercive_order@pamV2on,S6,drv:safetyNeed,0.07267500000000002
A_Liberty_Autonomy,0.3333333333333333,S_coercive_order@pamV2on,S6,drv:controlNeed,0.62488305
A_Liberty_Autonomy,0.3333333333333333,S_coercive_order@pamV2on,S6,drv:statusNeed,0.06655842912004047
A_Liberty_Autonomy,0.3333333333333333,S_coercive_order@pamV2on,S6,drv:affiliationNeed,0.660013338209568
A_Liberty_Autonomy,0.3333333333333333,S_coercive_order@pamV2on,S6,drv:resolveNeed,0.05442993052326309
A_Liberty_Autonomy,0.3333333333333333,S_coercive_order@pamV2on,S6,drv:restNeed,0
A_Liberty_Autonomy,0.3333333333333333,S_coercive_order@pamV2on,S6,drv:curiosityNeed,0.4978814141705625
A_Liberty_Autonomy,0.3333333333333333,S_coercive_order@pamV2on,S8,act:aff:guard:A:B,0.0703125
A_Liberty_Autonomy,0.3333333333333333,S_coercive_order@pamV2on,S8,act:aff:negotiate:A:B,0.08984375
A_Liberty_Autonomy,0.3333333333333333,S_coercive_order@pamV2on,S8,act:cog:observe_target:A:B,0.03125
A_Liberty_Autonomy,0.3333333333333333,S_coercive_order@pamV2on,S8,act:aff:ask_info:A:B,0.052734375
A_Liberty_Autonomy,0.3333333333333333,S_coercive_order@pamV2on,S8,act:cog:investigate:A:B,0.0546875
A_Liberty_Autonomy,0.3333333333333333,S_coercive_order@pamV2on,S8,act:aff:talk:A:B,0.138671875
A_Liberty_Autonomy,0.3333333333333333,S_coercive_order@pamV2on,S8,act:aff:share:A:B,0.044921875
A_Liberty_Autonomy,0.3333333333333333,S_coercive_order@pamV2on,S8,act:con:challenge:A:B,0.056640625
A_Liberty_Autonomy,0.3333333333333333,S_coercive_order@pamV2on,S8,act:cog:wait:A,0.068359375
A_Liberty_Autonomy,0.3333333333333333,S_coercive_order@pamV2on,S8,act:cog:observe:A,0.037109375
A_Liberty_Autonomy,0.3333333333333333,S_coercive_order@pamV2on,S8,act:cog:verify:A:B,0.068359375
A_Liberty_Autonomy,0.3333333333333333,S_coercive_order@pamV2on,S8,act:aff:call_backup:A:B,0.05859375
A_Liberty_Autonomy,0.3333333333333333,S_coercive_order@pamV2on,S8,act:aff:escort:A:B,0.087890625
A_Liberty_Autonomy,0.3333333333333333,S_coercive_order@pamV2on,S8,act:aff:loot:A,0.05859375
A_Liberty_Autonomy,0.3333333333333333,S_coercive_order@pamV2on,S8,act:cog:monologue:A,0.052734375
A_Liberty_Autonomy,0.3333333333333333,S_coercive_order@pamV2on,S8,act:aff:submit:A:B,0.029296875
A_Liberty_Autonomy,0.3333333333333333,S_coercive_order@pamV2on,S8,q:aff:talk:A:B,1.1916113968533069
A_Liberty_Autonomy,0.3333333333333333,S_coercive_order@pamV2on,S8,q:aff:negotiate:A:B,0.7770153738683806
A_Liberty_Autonomy,0.3333333333333333,S_coercive_order@pamV2on,S8,q:aff:escort:A:B,0.42827024645151807
A_Liberty_Autonomy,0.3333333333333333,S_coercive_order@pamV2on,S8,q:cog:monologue:A,0.2907447149001595
A_Liberty_Autonomy,0.3333333333333333,S_coercive_order@pamV2on,S8,q:aff:ask_info:A:B,0.1724549830115387
A_Liberty_Autonomy,0.3333333333333333,S_coercive_order@pamV2on,S8,q:aff:guard:A:B,0.1657633583095617
A_Liberty_Autonomy,0.3333333333333333,S_coercive_order@pamV2on,S8,q:aff:share:A:B,0.15153011722884932
A_Liberty_Autonomy,0.3333333333333333,S_coercive_order@pamV2on,S8,q:aff:submit:A:B,0.05470951467541243
A_Liberty_Autonomy,0.3333333333333333,S_coercive_order@pamV2on,S8,q:con:challenge:A:B,-0.00776063750044542
A_Liberty_Autonomy,0.3333333333333333,S_coercive_order@pamV2on,S8,q:cog:observe:A,-0.014375000000000188
A_Liberty_Autonomy,0.3333333333333333,S_coercive_order@pamV2on,S8,action_entropy,3.8885995112404705
A_Liberty_Autonomy,0.3333333333333333,S_coercive_order@pamV2on,STATE,stress,0
A_Liberty_Autonomy,0.3333333333333333,S_coercive_order@pamV2on,STATE,ctxDanger,0.15000000000000002
A_Liberty_Autonomy,0.3333333333333333,S_coercive_order@pamV2on,OUTCOME,outcome:complied,0.1875
A_Liberty_Autonomy,0.3333333333333333,S_coercive_order@pamV2on,OUTCOME,outcome:negotiated_terms,0.39453125
A_Liberty_Autonomy,0.3333333333333333,S_coercive_order@pamV2on,OUTCOME,outcome:evaded,0.302734375
A_Liberty_Autonomy,0.3333333333333333,S_coercive_order@pamV2on,OUTCOME,outcome:defied,0.115234375
A_Liberty_Autonomy,0.3333333333333333,S_coercive_order@pamV2on,OUTCOME,outcome_mean_self,1.322265625
A_Liberty_Autonomy,0.3333333333333333,S_coercive_order@pamV2on,OUTCOME,outcome_mean_other,1.466796875
A_Liberty_Autonomy,0.3333333333333333,S_coercive_order@pamV2on,OUTCOME,coop_rate,0
A_Liberty_Autonomy,0.3333333333333333,S_coercive_order@pamV2on,OUTCOME,unclassified_rate,0
A_Liberty_Autonomy,0.5,S_coercive_order@pamV2on,S7,goal:affiliation,0.40910025963944785
A_Liberty_Autonomy,0.5,S_coercive_order@pamV2on,S7,goal:control,0.35443151892701297
A_Liberty_Autonomy,0.5,S_coercive_order@pamV2on,S7,goal:exploration,0.3259953742520015
A_Liberty_Autonomy,0.5,S_coercive_order@pamV2on,S7,goal:wealth,0.13889726629897584
A_Liberty_Autonomy,0.5,S_coercive_order@pamV2on,S7,goal:status,0.05232980567946936
A_Liberty_Autonomy,0.5,S_coercive_order@pamV2on,S7,goal:safety,0
A_Liberty_Autonomy,0.5,S_coercive_order@pamV2on,S7,goal:order,0
A_Liberty_Autonomy,0.5,S_coercive_order@pamV2on,S7,goal:rest,0.034607302375136303
A_Liberty_Autonomy,0.5,S_coercive_order@pamV2on,S7,util:reduce_self_threat,0.07849240810746123
A_Liberty_Autonomy,0.5,S_coercive_order@pamV2on,S7,util:stabilize_other,0.40910025963944785
A_Liberty_Autonomy,0.5,S_coercive_order@pamV2on,S7,util:verify_claim,0.15
A_Liberty_Autonomy,0.5,S_coercive_order@pamV2on,S7,util:preserve_cooperation,0.40910025963944785
A_Liberty_Autonomy,0.5,S_coercive_order@pamV2on,S7,util:confront_threat_source,0.15
A_Liberty_Autonomy,0.5,S_coercive_order@pamV2on,S7,util:restore_self_control,0.15
A_Liberty_Autonomy,0.5,S_coercive_order@pamV2on,S7,util:maintain_trust_signal,0.40910025963944785
A_Liberty_Autonomy,0.5,S_coercive_order@pamV2on,S7,util:deescalate_interaction,0.15
A_Liberty_Autonomy,0.5,S_coercive_order@pamV2on,S7,util:protect_status_position,0.08864737744008477
A_Liberty_Autonomy,0.5,S_coercive_order@pamV2on,S7,util:recover_resources,0.15
A_Liberty_Autonomy,0.5,S_coercive_order@pamV2on,S7,util:maintain_contact_channel,0.15
A_Liberty_Autonomy,0.5,S_coercive_order@pamV2on,S7,util:follow_order,0.06364737744008478
A_Liberty_Autonomy,0.5,S_coercive_order@pamV2on,S7,util:maintain_cohesion,0.48410025963944786
A_Liberty_Autonomy,0.5,S_coercive_order@pamV2on,S7,util:maintain_legitimacy,0.15114737744008477
A_Liberty_Autonomy,0.5,S_coercive_order@pamV2on,S7,util:assert_autonomy,0
A_Liberty_Autonomy,0.5,S_coercive_order@pamV2on,S7,util:protect_self,0.046069892773773
A_Liberty_Autonomy,0.5,S_coercive_order@pamV2on,S7,util:relief_from_stress,0.017286125787918244
A_Liberty_Autonomy,0.5,S_coercive_order@pamV2on,S7,util:help_wounded,0.40910025963944785
A_Liberty_Autonomy,0.5,S_coercive_order@pamV2on,S7,util:immediate_compliance,0.32153944818354885
A_Liberty_Autonomy,0.5,S_coercive_order@pamV2on,S7,util:go_to_surface,0.2664619635172371
A_Liberty_Autonomy,0.5,S_coercive_order@pamV2on,S7,util:protect_other,0.4466002596394478
A_Liberty_Autonomy,0.5,S_coercive_order@pamV2on,S7,util:protect_others,0.4466002596394478
A_Liberty_Autonomy,0.5,S_coercive_order@pamV2on,S7,util:seek_information,0.35271344658950726
A_Liberty_Autonomy,0.5,S_coercive_order@pamV2on,S7,util:avoid_blame,0.03864737744008477
A_Liberty_Autonomy,0.5,S_coercive_order@pamV2on,S7,util:follow_leader,0.051147377440084775
A_Liberty_Autonomy,0.5,S_coercive_order@pamV2on,S7,util:support_leader,0.27387381853976633
A_Liberty_Autonomy,0.5,S_coercive_order@pamV2on,S7,util:challenge_leader,0.013647377440084776
A_Liberty_Autonomy,0.5,S_coercive_order@pamV2on,S7,util:scrutinize_leader,0.22771344658950726
A_Liberty_Autonomy,0.5,S_coercive_order@pamV2on,S7,util:faction_loyalty,0.2488738185397663
A_Liberty_Autonomy,0.5,S_coercive_order@pamV2on,S7,util:contain_enemy,0.2414619635172371
A_Liberty_Autonomy,0.5,S_coercive_order@pamV2on,S7,util:monitor_enemy,0.21474389117973136
A_Liberty_Autonomy,0.5,S_coercive_order@pamV2on,S7,util:complete_mission,0.28403944818354887
A_Liberty_Autonomy,0.5,S_coercive_order@pamV2on,S7,util:preserve_knowledge,0.22499269419804116
A_Liberty_Autonomy,0.5,S_coercive_order@pamV2on,S7,util:contain_threat,0.2664619635172371
A_Liberty_Autonomy,0.5,S_coercive_order@pamV2on,S7,util:avoid_pain,0.024708641121606464
A_Liberty_Autonomy,0.5,S_coercive_order@pamV2on,S7,util:keep_vow,0.0813186957920828
A_Liberty_Autonomy,0.5,S_coercive_order@pamV2on,S7,util:uphold_values,0.08864737744008477
A_Liberty_Autonomy,0.5,S_coercive_order@pamV2on,S7,util:redeem_self,0.08864737744008477
A_Liberty_Autonomy,0.5,S_coercive_order@pamV2on,S7,util:fulfill_role,0.12614737744008478
A_Liberty_Autonomy,0.5,S_coercive_order@pamV2on,S7,util:protect_specific_person,0.40910025963944785
A_Liberty_Autonomy,0.5,S_coercive_order@pamV2on,S7,util:test_loyalty,0.2965394481835489
A_Liberty_Autonomy,0.5,S_coercive_order@pamV2on,S7,util:escape,0.021069892773772997
A_Liberty_Autonomy,0.5,S_coercive_order@pamV2on,S7,util:avenge,0.08864737744008477
A_Liberty_Autonomy,0.5,S_coercive_order@pamV2on,S7,util:self_preservation,0.015992408107461234
A_Liberty_Autonomy,0.5,S_coercive_order@pamV2on,S7,util:BODY_CIRCADIAN_RESET,0.07092487413575171
A_Liberty_Autonomy,0.5,S_coercive_order@pamV2on,S7,util:protect_lives,0.26879633387345453
A_Liberty_Autonomy,0.5,S_coercive_order@pamV2on,S7,util:maintain_order,0.3090394481835489
A_Liberty_Autonomy,0.5,S_coercive_order@pamV2on,S7,util:seek_status,0.13864737744008476
A_Liberty_Autonomy,0.5,S_coercive_order@pamV2on,S7,util:preserve_autonomy,0.008569892773773
A_Liberty_Autonomy,0.5,S_coercive_order@pamV2on,S7,util:serve_authority,0.12614737744008478
A_Liberty_Autonomy,0.5,S_coercive_order@pamV2on,S7,util:pursue_truth,0.3384953742520015
A_Liberty_Autonomy,0.5,S_coercive_order@pamV2on,S7,util:maintain_bonds,0.43410025963944787
A_Liberty_Autonomy,0.5,S_coercive_order@pamV2on,S7,util:seek_comfort,0.03720864112160647
A_Liberty_Autonomy,0.5,S_coercive_order@pamV2on,S7,util:self_transcendence,0.0938186957920828
A_Liberty_Autonomy,0.5,S_coercive_order@pamV2on,S7,util:accumulate_resources,0.2414619635172371
A_Liberty_Autonomy,0.5,S_coercive_order@pamV2on,S7,util:other,0.15
A_Liberty_Autonomy,0.5,S_coercive_order@pamV2on,S8,prior:A:escape,0.3586617593880996
A_Liberty_Autonomy,0.5,S_coercive_order@pamV2on,S8,prior:A:hide,0.2566793434994336
A_Liberty_Autonomy,0.5,S_coercive_order@pamV2on,S8,prior:A:wait,0.5763193714742479
A_Liberty_Autonomy,0.5,S_coercive_order@pamV2on,S8,prior:B:help,0.06358275094026787
A_Liberty_Autonomy,0.5,S_coercive_order@pamV2on,S8,prior:B:harm,0.11600267935043027
A_Liberty_Autonomy,0.5,S_coercive_order@pamV2on,S8,prior:B:ask_info,0.9311374575288497
A_Liberty_Autonomy,0.5,S_coercive_order@pamV2on,S8,prior:B:avoid,0.10285145046475849
A_Liberty_Autonomy,0.5,S_coercive_order@pamV2on,S8,prior:B:confront,0.5636686960691453
A_Liberty_Autonomy,0.5,S_coercive_order@pamV2on,S8,prior:B:comfort,0.39742851846720006
A_Liberty_Autonomy,0.5,S_coercive_order@pamV2on,S8,prior:B:praise,0.3071038551792
A_Liberty_Autonomy,0.5,S_coercive_order@pamV2on,S8,prior:B:apologize,0.30710385517919997
A_Liberty_Autonomy,0.5,S_coercive_order@pamV2on,S8,prior:B:share_resource,0.28903892252159996
A_Liberty_Autonomy,0.5,S_coercive_order@pamV2on,S8,prior:B:treat,0.28903892252159996
A_Liberty_Autonomy,0.5,S_coercive_order@pamV2on,S8,prior:B:guard,0.34323372049440004
A_Liberty_Autonomy,0.5,S_coercive_order@pamV2on,S8,prior:B:escort,0.2890389225216
A_Liberty_Autonomy,0.5,S_coercive_order@pamV2on,S8,prior:B:command,0.264295625
A_Liberty_Autonomy,0.5,S_coercive_order@pamV2on,S8,prior:B:threaten,0.216241875
A_Liberty_Autonomy,0.5,S_coercive_order@pamV2on,S8,prior:B:accuse,0.21624187500000003
A_Liberty_Autonomy,0.5,S_coercive_order@pamV2on,S8,prior:B:investigate,0.205
A_Liberty_Autonomy,0.5,S_coercive_order@pamV2on,S8,prior:B:observe_target,0.35000000000000003
A_Liberty_Autonomy,0.5,S_coercive_order@pamV2on,S8,prior:B:verify,0.17500000000000002
A_Liberty_Autonomy,0.5,S_coercive_order@pamV2on,S8,prior:B:talk,0.475
A_Liberty_Autonomy,0.5,S_coercive_order@pamV2on,S8,prior:B:negotiate,0.395
A_Liberty_Autonomy,0.5,S_coercive_order@pamV2on,S8,prior:B:signal,0.28
A_Liberty_Autonomy,0.5,S_coercive_order@pamV2on,S8,prior:B:call_backup,0.35000000000000003
A_Liberty_Autonomy,0.5,S_coercive_order@pamV2on,S8,prior:B:propose_trade,0.28
A_Liberty_Autonomy,0.5,S_coercive_order@pamV2on,S8,prior:B:challenge,0.19221500000000002
A_Liberty_Autonomy,0.5,S_coercive_order@pamV2on,S8,prior:B:defy,0.14416125
A_Liberty_Autonomy,0.5,S_coercive_order@pamV2on,S6,drv:safetyNeed,0.07267500000000002
A_Liberty_Autonomy,0.5,S_coercive_order@pamV2on,S6,drv:controlNeed,0.62488305
A_Liberty_Autonomy,0.5,S_coercive_order@pamV2on,S6,drv:statusNeed,0.06655842912004047
A_Liberty_Autonomy,0.5,S_coercive_order@pamV2on,S6,drv:affiliationNeed,0.660013338209568
A_Liberty_Autonomy,0.5,S_coercive_order@pamV2on,S6,drv:resolveNeed,0.05442993052326309
A_Liberty_Autonomy,0.5,S_coercive_order@pamV2on,S6,drv:restNeed,0
A_Liberty_Autonomy,0.5,S_coercive_order@pamV2on,S6,drv:curiosityNeed,0.4978814141705625
A_Liberty_Autonomy,0.5,S_coercive_order@pamV2on,S8,act:aff:guard:A:B,0.0703125
A_Liberty_Autonomy,0.5,S_coercive_order@pamV2on,S8,act:aff:negotiate:A:B,0.08984375
A_Liberty_Autonomy,0.5,S_coercive_order@pamV2on,S8,act:cog:observe_target:A:B,0.03125
A_Liberty_Autonomy,0.5,S_coercive_order@pamV2on,S8,act:aff:ask_info:A:B,0.052734375
A_Liberty_Autonomy,0.5,S_coercive_order@pamV2on,S8,act:cog:investigate:A:B,0.0546875
A_Liberty_Autonomy,0.5,S_coercive_order@pamV2on,S8,act:aff:talk:A:B,0.138671875
A_Liberty_Autonomy,0.5,S_coercive_order@pamV2on,S8,act:aff:share:A:B,0.044921875
A_Liberty_Autonomy,0.5,S_coercive_order@pamV2on,S8,act:con:challenge:A:B,0.056640625
A_Liberty_Autonomy,0.5,S_coercive_order@pamV2on,S8,act:cog:wait:A,0.068359375
A_Liberty_Autonomy,0.5,S_coercive_order@pamV2on,S8,act:cog:observe:A,0.037109375
A_Liberty_Autonomy,0.5,S_coercive_order@pamV2on,S8,act:cog:verify:A:B,0.068359375
A_Liberty_Autonomy,0.5,S_coercive_order@pamV2on,S8,act:aff:call_backup:A:B,0.05859375
A_Liberty_Autonomy,0.5,S_coercive_order@pamV2on,S8,act:aff:escort:A:B,0.087890625
A_Liberty_Autonomy,0.5,S_coercive_order@pamV2on,S8,act:aff:loot:A,0.05859375
A_Liberty_Autonomy,0.5,S_coercive_order@pamV2on,S8,act:cog:monologue:A,0.052734375
A_Liberty_Autonomy,0.5,S_coercive_order@pamV2on,S8,act:aff:submit:A:B,0.029296875
A_Liberty_Autonomy,0.5,S_coercive_order@pamV2on,S8,q:aff:talk:A:B,1.1916113968533069
A_Liberty_Autonomy,0.5,S_coercive_order@pamV2on,S8,q:aff:negotiate:A:B,0.7770153738683806
A_Liberty_Autonomy,0.5,S_coercive_order@pamV2on,S8,q:aff:escort:A:B,0.42827024645151807
A_Liberty_Autonomy,0.5,S_coercive_order@pamV2on,S8,q:cog:monologue:A,0.2907447149001595
A_Liberty_Autonomy,0.5,S_coercive_order@pamV2on,S8,q:aff:ask_info:A:B,0.1724549830115387
A_Liberty_Autonomy,0.5,S_coercive_order@pamV2on,S8,q:aff:guard:A:B,0.1657633583095617
A_Liberty_Autonomy,0.5,S_coercive_order@pamV2on,S8,q:aff:share:A:B,0.15153011722884932
A_Liberty_Autonomy,0.5,S_coercive_order@pamV2on,S8,q:aff:submit:A:B,0.05470951467541243
A_Liberty_Autonomy,0.5,S_coercive_order@pamV2on,S8,q:con:challenge:A:B,0.011549326538977969
A_Liberty_Autonomy,0.5,S_coercive_order@pamV2on,S8,q:cog:observe:A,-0.014375000000000188
A_Liberty_Autonomy,0.5,S_coercive_order@pamV2on,S8,action_entropy,3.8885995112404705
A_Liberty_Autonomy,0.5,S_coercive_order@pamV2on,STATE,stress,0
A_Liberty_Autonomy,0.5,S_coercive_order@pamV2on,STATE,ctxDanger,0.15000000000000002
A_Liberty_Autonomy,0.5,S_coercive_order@pamV2on,OUTCOME,outcome:complied,0.1875
A_Liberty_Autonomy,0.5,S_coercive_order@pamV2on,OUTCOME,outcome:negotiated_terms,0.39453125
A_Liberty_Autonomy,0.5,S_coercive_order@pamV2on,OUTCOME,outcome:evaded,0.302734375
A_Liberty_Autonomy,0.5,S_coercive_order@pamV2on,OUTCOME,outcome:defied,0.115234375
A_Liberty_Autonomy,0.5,S_coercive_order@pamV2on,OUTCOME,outcome_mean_self,1.322265625
A_Liberty_Autonomy,0.5,S_coercive_order@pamV2on,OUTCOME,outcome_mean_other,1.466796875
A_Liberty_Autonomy,0.5,S_coercive_order@pamV2on,OUTCOME,coop_rate,0
A_Liberty_Autonomy,0.5,S_coercive_order@pamV2on,OUTCOME,unclassified_rate,0
A_Liberty_Autonomy,0.6666666666666666,S_coercive_order@pamV2on,S7,goal:affiliation,0.40910025963944785
A_Liberty_Autonomy,0.6666666666666666,S_coercive_order@pamV2on,S7,goal:control,0.35443151892701297
A_Liberty_Autonomy,0.6666666666666666,S_coercive_order@pamV2on,S7,goal:exploration,0.3259953742520015
A_Liberty_Autonomy,0.6666666666666666,S_coercive_order@pamV2on,S7,goal:wealth,0.13889726629897584
A_Liberty_Autonomy,0.6666666666666666,S_coercive_order@pamV2on,S7,goal:status,0.05232980567946936
A_Liberty_Autonomy,0.6666666666666666,S_coercive_order@pamV2on,S7,goal:safety,0
A_Liberty_Autonomy,0.6666666666666666,S_coercive_order@pamV2on,S7,goal:order,0
A_Liberty_Autonomy,0.6666666666666666,S_coercive_order@pamV2on,S7,goal:rest,0.034607302375136303
A_Liberty_Autonomy,0.6666666666666666,S_coercive_order@pamV2on,S7,util:reduce_self_threat,0.07849240810746123
A_Liberty_Autonomy,0.6666666666666666,S_coercive_order@pamV2on,S7,util:stabilize_other,0.40910025963944785
A_Liberty_Autonomy,0.6666666666666666,S_coercive_order@pamV2on,S7,util:verify_claim,0.15
A_Liberty_Autonomy,0.6666666666666666,S_coercive_order@pamV2on,S7,util:preserve_cooperation,0.40910025963944785
A_Liberty_Autonomy,0.6666666666666666,S_coercive_order@pamV2on,S7,util:confront_threat_source,0.15
A_Liberty_Autonomy,0.6666666666666666,S_coercive_order@pamV2on,S7,util:restore_self_control,0.15
A_Liberty_Autonomy,0.6666666666666666,S_coercive_order@pamV2on,S7,util:maintain_trust_signal,0.40910025963944785
A_Liberty_Autonomy,0.6666666666666666,S_coercive_order@pamV2on,S7,util:deescalate_interaction,0.15
A_Liberty_Autonomy,0.6666666666666666,S_coercive_order@pamV2on,S7,util:protect_status_position,0.08864737744008477
A_Liberty_Autonomy,0.6666666666666666,S_coercive_order@pamV2on,S7,util:recover_resources,0.15
A_Liberty_Autonomy,0.6666666666666666,S_coercive_order@pamV2on,S7,util:maintain_contact_channel,0.15
A_Liberty_Autonomy,0.6666666666666666,S_coercive_order@pamV2on,S7,util:follow_order,0.06364737744008478
A_Liberty_Autonomy,0.6666666666666666,S_coercive_order@pamV2on,S7,util:maintain_cohesion,0.48410025963944786
A_Liberty_Autonomy,0.6666666666666666,S_coercive_order@pamV2on,S7,util:maintain_legitimacy,0.15114737744008477
A_Liberty_Autonomy,0.6666666666666666,S_coercive_order@pamV2on,S7,util:assert_autonomy,0
A_Liberty_Autonomy,0.6666666666666666,S_coercive_order@pamV2on,S7,util:protect_self,0.046069892773773
A_Liberty_Autonomy,0.6666666666666666,S_coercive_order@pamV2on,S7,util:relief_from_stress,0.017286125787918244
A_Liberty_Autonomy,0.6666666666666666,S_coercive_order@pamV2on,S7,util:help_wounded,0.40910025963944785
A_Liberty_Autonomy,0.6666666666666666,S_coercive_order@pamV2on,S7,util:immediate_compliance,0.32153944818354885
A_Liberty_Autonomy,0.6666666666666666,S_coercive_order@pamV2on,S7,util:go_to_surface,0.2664619635172371
A_Liberty_Autonomy,0.6666666666666666,S_coercive_order@pamV2on,S7,util:protect_other,0.4466002596394478
A_Liberty_Autonomy,0.6666666666666666,S_coercive_order@pamV2on,S7,util:protect_others,0.4466002596394478
A_Liberty_Autonomy,0.6666666666666666,S_coercive_order@pamV2on,S7,util:seek_information,0.35271344658950726
A_Liberty_Autonomy,0.6666666666666666,S_coercive_order@pamV2on,S7,util:avoid_blame,0.03864737744008477
A_Liberty_Autonomy,0.6666666666666666,S_coercive_order@pamV2on,S7,util:follow_leader,0.051147377440084775
A_Liberty_Autonomy,0.6666666666666666,S_coercive_order@pamV2on,S7,util:support_leader,0.27387381853976633
A_Liberty_Autonomy,0.6666666666666666,S_coercive_order@pamV2on,S7,util:challenge_leader,0.013647377440084776
A_Liberty_Autonomy,0.6666666666666666,S_coercive_order@pamV2on,S7,util:scrutinize_leader,0.22771344658950726
A_Liberty_Autonomy,0.6666666666666666,S_coercive_order@pamV2on,S7,util:faction_loyalty,0.2488738185397663
A_Liberty_Autonomy,0.6666666666666666,S_coercive_order@pamV2on,S7,util:contain_enemy,0.2414619635172371
A_Liberty_Autonomy,0.6666666666666666,S_coercive_order@pamV2on,S7,util:monitor_enemy,0.21474389117973136
A_Liberty_Autonomy,0.6666666666666666,S_coercive_order@pamV2on,S7,util:complete_mission,0.28403944818354887
A_Liberty_Autonomy,0.6666666666666666,S_coercive_order@pamV2on,S7,util:preserve_knowledge,0.22499269419804116
A_Liberty_Autonomy,0.6666666666666666,S_coercive_order@pamV2on,S7,util:contain_threat,0.2664619635172371
A_Liberty_Autonomy,0.6666666666666666,S_coercive_order@pamV2on,S7,util:avoid_pain,0.024708641121606464
A_Liberty_Autonomy,0.6666666666666666,S_coercive_order@pamV2on,S7,util:keep_vow,0.0813186957920828
A_Liberty_Autonomy,0.6666666666666666,S_coercive_order@pamV2on,S7,util:uphold_values,0.08864737744008477
A_Liberty_Autonomy,0.6666666666666666,S_coercive_order@pamV2on,S7,util:redeem_self,0.08864737744008477
A_Liberty_Autonomy,0.6666666666666666,S_coercive_order@pamV2on,S7,util:fulfill_role,0.12614737744008478
A_Liberty_Autonomy,0.6666666666666666,S_coercive_order@pamV2on,S7,util:protect_specific_person,0.40910025963944785
A_Liberty_Autonomy,0.6666666666666666,S_coercive_order@pamV2on,S7,util:test_loyalty,0.2965394481835489
A_Liberty_Autonomy,0.6666666666666666,S_coercive_order@pamV2on,S7,util:escape,0.021069892773772997
A_Liberty_Autonomy,0.6666666666666666,S_coercive_order@pamV2on,S7,util:avenge,0.08864737744008477
A_Liberty_Autonomy,0.6666666666666666,S_coercive_order@pamV2on,S7,util:self_preservation,0.015992408107461234
A_Liberty_Autonomy,0.6666666666666666,S_coercive_order@pamV2on,S7,util:BODY_CIRCADIAN_RESET,0.07092487413575171
A_Liberty_Autonomy,0.6666666666666666,S_coercive_order@pamV2on,S7,util:protect_lives,0.26879633387345453
A_Liberty_Autonomy,0.6666666666666666,S_coercive_order@pamV2on,S7,util:maintain_order,0.3090394481835489
A_Liberty_Autonomy,0.6666666666666666,S_coercive_order@pamV2on,S7,util:seek_status,0.13864737744008476
A_Liberty_Autonomy,0.6666666666666666,S_coercive_order@pamV2on,S7,util:preserve_autonomy,0.008569892773773
A_Liberty_Autonomy,0.6666666666666666,S_coercive_order@pamV2on,S7,util:serve_authority,0.12614737744008478
A_Liberty_Autonomy,0.6666666666666666,S_coercive_order@pamV2on,S7,util:pursue_truth,0.3384953742520015
A_Liberty_Autonomy,0.6666666666666666,S_coercive_order@pamV2on,S7,util:maintain_bonds,0.43410025963944787
A_Liberty_Autonomy,0.6666666666666666,S_coercive_order@pamV2on,S7,util:seek_comfort,0.03720864112160647
A_Liberty_Autonomy,0.6666666666666666,S_coercive_order@pamV2on,S7,util:self_transcendence,0.0938186957920828
A_Liberty_Autonomy,0.6666666666666666,S_coercive_order@pamV2on,S7,util:accumulate_resources,0.2414619635172371
A_Liberty_Autonomy,0.6666666666666666,S_coercive_order@pamV2on,S7,util:other,0.15
A_Liberty_Autonomy,0.6666666666666666,S_coercive_order@pamV2on,S8,prior:A:escape,0.3586617593880996
A_Liberty_Autonomy,0.6666666666666666,S_coercive_order@pamV2on,S8,prior:A:hide,0.2566793434994336
A_Liberty_Autonomy,0.6666666666666666,S_coercive_order@pamV2on,S8,prior:A:wait,0.5763193714742479
A_Liberty_Autonomy,0.6666666666666666,S_coercive_order@pamV2on,S8,prior:B:help,0.06358275094026787
A_Liberty_Autonomy,0.6666666666666666,S_coercive_order@pamV2on,S8,prior:B:harm,0.11600267935043027
A_Liberty_Autonomy,0.6666666666666666,S_coercive_order@pamV2on,S8,prior:B:ask_info,0.9311374575288497
A_Liberty_Autonomy,0.6666666666666666,S_coercive_order@pamV2on,S8,prior:B:avoid,0.10285145046475849
A_Liberty_Autonomy,0.6666666666666666,S_coercive_order@pamV2on,S8,prior:B:confront,0.5636686960691453
A_Liberty_Autonomy,0.6666666666666666,S_coercive_order@pamV2on,S8,prior:B:comfort,0.39742851846720006
A_Liberty_Autonomy,0.6666666666666666,S_coercive_order@pamV2on,S8,prior:B:praise,0.3071038551792
A_Liberty_Autonomy,0.6666666666666666,S_coercive_order@pamV2on,S8,prior:B:apologize,0.30710385517919997
A_Liberty_Autonomy,0.6666666666666666,S_coercive_order@pamV2on,S8,prior:B:share_resource,0.28903892252159996
A_Liberty_Autonomy,0.6666666666666666,S_coercive_order@pamV2on,S8,prior:B:treat,0.28903892252159996
A_Liberty_Autonomy,0.6666666666666666,S_coercive_order@pamV2on,S8,prior:B:guard,0.34323372049440004
A_Liberty_Autonomy,0.6666666666666666,S_coercive_order@pamV2on,S8,prior:B:escort,0.2890389225216
A_Liberty_Autonomy,0.6666666666666666,S_coercive_order@pamV2on,S8,prior:B:command,0.264295625
A_Liberty_Autonomy,0.6666666666666666,S_coercive_order@pamV2on,S8,prior:B:threaten,0.216241875
A_Liberty_Autonomy,0.6666666666666666,S_coercive_order@pamV2on,S8,prior:B:accuse,0.21624187500000003
A_Liberty_Autonomy,0.6666666666666666,S_coercive_order@pamV2on,S8,prior:B:investigate,0.205
A_Liberty_Autonomy,0.6666666666666666,S_coercive_order@pamV2on,S8,prior:B:observe_target,0.35000000000000003
A_Liberty_Autonomy,0.6666666666666666,S_coercive_order@pamV2on,S8,prior:B:verify,0.17500000000000002
A_Liberty_Autonomy,0.6666666666666666,S_coercive_order@pamV2on,S8,prior:B:talk,0.475
A_Liberty_Autonomy,0.6666666666666666,S_coercive_order@pamV2on,S8,prior:B:negotiate,0.395
A_Liberty_Autonomy,0.6666666666666666,S_coercive_order@pamV2on,S8,prior:B:signal,0.28
A_Liberty_Autonomy,0.6666666666666666,S_coercive_order@pamV2on,S8,prior:B:call_backup,0.35000000000000003
A_Liberty_Autonomy,0.6666666666666666,S_coercive_order@pamV2on,S8,prior:B:propose_trade,0.28
A_Liberty_Autonomy,0.6666666666666666,S_coercive_order@pamV2on,S8,prior:B:challenge,0.24827770833333332
A_Liberty_Autonomy,0.6666666666666666,S_coercive_order@pamV2on,S8,prior:B:defy,0.20823291666666666
A_Liberty_Autonomy,0.6666666666666666,S_coercive_order@pamV2on,S6,drv:safetyNeed,0.07267500000000002
A_Liberty_Autonomy,0.6666666666666666,S_coercive_order@pamV2on,S6,drv:controlNeed,0.62488305
A_Liberty_Autonomy,0.6666666666666666,S_coercive_order@pamV2on,S6,drv:statusNeed,0.06655842912004047
A_Liberty_Autonomy,0.6666666666666666,S_coercive_order@pamV2on,S6,drv:affiliationNeed,0.660013338209568
A_Liberty_Autonomy,0.6666666666666666,S_coercive_order@pamV2on,S6,drv:resolveNeed,0.05442993052326309
A_Liberty_Autonomy,0.6666666666666666,S_coercive_order@pamV2on,S6,drv:restNeed,0
A_Liberty_Autonomy,0.6666666666666666,S_coercive_order@pamV2on,S6,drv:curiosityNeed,0.4978814141705625
A_Liberty_Autonomy,0.6666666666666666,S_coercive_order@pamV2on,S8,act:aff:guard:A:B,0.0703125
A_Liberty_Autonomy,0.6666666666666666,S_coercive_order@pamV2on,S8,act:aff:negotiate:A:B,0.08984375
A_Liberty_Autonomy,0.6666666666666666,S_coercive_order@pamV2on,S8,act:cog:observe_target:A:B,0.03125
A_Liberty_Autonomy,0.6666666666666666,S_coercive_order@pamV2on,S8,act:aff:ask_info:A:B,0.052734375
A_Liberty_Autonomy,0.6666666666666666,S_coercive_order@pamV2on,S8,act:cog:investigate:A:B,0.0546875
A_Liberty_Autonomy,0.6666666666666666,S_coercive_order@pamV2on,S8,act:aff:talk:A:B,0.138671875
A_Liberty_Autonomy,0.6666666666666666,S_coercive_order@pamV2on,S8,act:aff:share:A:B,0.044921875
A_Liberty_Autonomy,0.6666666666666666,S_coercive_order@pamV2on,S8,act:con:challenge:A:B,0.056640625
A_Liberty_Autonomy,0.6666666666666666,S_coercive_order@pamV2on,S8,act:cog:wait:A,0.068359375
A_Liberty_Autonomy,0.6666666666666666,S_coercive_order@pamV2on,S8,act:cog:observe:A,0.037109375
A_Liberty_Autonomy,0.6666666666666666,S_coercive_order@pamV2on,S8,act:cog:verify:A:B,0.068359375
A_Liberty_Autonomy,0.6666666666666666,S_coercive_order@pamV2on,S8,act:aff:call_backup:A:B,0.05859375
A_Liberty_Autonomy,0.6666666666666666,S_coercive_order@pamV2on,S8,act:aff:escort:A:B,0.087890625
A_Liberty_Autonomy,0.6666666666666666,S_coercive_order@pamV2on,S8,act:aff:loot:A,0.05859375
A_Liberty_Autonomy,0.6666666666666666,S_coercive_order@pamV2on,S8,act:cog:monologue:A,0.052734375
A_Liberty_Autonomy,0.6666666666666666,S_coercive_order@pamV2on,S8,act:aff:submit:A:B,0.029296875
A_Liberty_Autonomy,0.6666666666666666,S_coercive_order@pamV2on,S8,q:aff:talk:A:B,1.1916113968533069
A_Liberty_Autonomy,0.6666666666666666,S_coercive_order@pamV2on,S8,q:aff:negotiate:A:B,0.7770153738683806
A_Liberty_Autonomy,0.6666666666666666,S_coercive_order@pamV2on,S8,q:aff:escort:A:B,0.42827024645151807
A_Liberty_Autonomy,0.6666666666666666,S_coercive_order@pamV2on,S8,q:cog:monologue:A,0.2907447149001595
A_Liberty_Autonomy,0.6666666666666666,S_coercive_order@pamV2on,S8,q:aff:ask_info:A:B,0.1724549830115387
A_Liberty_Autonomy,0.6666666666666666,S_coercive_order@pamV2on,S8,q:aff:guard:A:B,0.1657633583095617
A_Liberty_Autonomy,0.6666666666666666,S_coercive_order@pamV2on,S8,q:aff:share:A:B,0.15153011722884932
A_Liberty_Autonomy,0.6666666666666666,S_coercive_order@pamV2on,S8,q:aff:submit:A:B,0.05470951467541243
A_Liberty_Autonomy,0.6666666666666666,S_coercive_order@pamV2on,S8,q:con:challenge:A:B,0.030859290578401668
A_Liberty_Autonomy,0.6666666666666666,S_coercive_order@pamV2on,S8,q:cog:observe:A,-0.014375000000000188
A_Liberty_Autonomy,0.6666666666666666,S_coercive_order@pamV2on,S8,action_entropy,3.8885995112404705
A_Liberty_Autonomy,0.6666666666666666,S_coercive_order@pamV2on,STATE,stress,0
A_Liberty_Autonomy,0.6666666666666666,S_coercive_order@pamV2on,STATE,ctxDanger,0.15000000000000002
A_Liberty_Autonomy,0.6666666666666666,S_coercive_order@pamV2on,OUTCOME,outcome:complied,0.1875
A_Liberty_Autonomy,0.6666666666666666,S_coercive_order@pamV2on,OUTCOME,outcome:negotiated_terms,0.39453125
A_Liberty_Autonomy,0.6666666666666666,S_coercive_order@pamV2on,OUTCOME,outcome:evaded,0.302734375
A_Liberty_Autonomy,0.6666666666666666,S_coercive_order@pamV2on,OUTCOME,outcome:defied,0.115234375
A_Liberty_Autonomy,0.6666666666666666,S_coercive_order@pamV2on,OUTCOME,outcome_mean_self,1.322265625
A_Liberty_Autonomy,0.6666666666666666,S_coercive_order@pamV2on,OUTCOME,outcome_mean_other,1.466796875
A_Liberty_Autonomy,0.6666666666666666,S_coercive_order@pamV2on,OUTCOME,coop_rate,0
A_Liberty_Autonomy,0.6666666666666666,S_coercive_order@pamV2on,OUTCOME,unclassified_rate,0
A_Liberty_Autonomy,0.8333333333333334,S_coercive_order@pamV2on,S7,goal:affiliation,0.40910025963944785
A_Liberty_Autonomy,0.8333333333333334,S_coercive_order@pamV2on,S7,goal:control,0.35443151892701297
A_Liberty_Autonomy,0.8333333333333334,S_coercive_order@pamV2on,S7,goal:exploration,0.3259953742520015
A_Liberty_Autonomy,0.8333333333333334,S_coercive_order@pamV2on,S7,goal:wealth,0.13889726629897584
A_Liberty_Autonomy,0.8333333333333334,S_coercive_order@pamV2on,S7,goal:status,0.05232980567946936
A_Liberty_Autonomy,0.8333333333333334,S_coercive_order@pamV2on,S7,goal:safety,0
A_Liberty_Autonomy,0.8333333333333334,S_coercive_order@pamV2on,S7,goal:order,0
A_Liberty_Autonomy,0.8333333333333334,S_coercive_order@pamV2on,S7,goal:rest,0.034607302375136303
A_Liberty_Autonomy,0.8333333333333334,S_coercive_order@pamV2on,S7,util:reduce_self_threat,0.07849240810746123
A_Liberty_Autonomy,0.8333333333333334,S_coercive_order@pamV2on,S7,util:stabilize_other,0.40910025963944785
A_Liberty_Autonomy,0.8333333333333334,S_coercive_order@pamV2on,S7,util:verify_claim,0.15
A_Liberty_Autonomy,0.8333333333333334,S_coercive_order@pamV2on,S7,util:preserve_cooperation,0.40910025963944785
A_Liberty_Autonomy,0.8333333333333334,S_coercive_order@pamV2on,S7,util:confront_threat_source,0.15
A_Liberty_Autonomy,0.8333333333333334,S_coercive_order@pamV2on,S7,util:restore_self_control,0.15
A_Liberty_Autonomy,0.8333333333333334,S_coercive_order@pamV2on,S7,util:maintain_trust_signal,0.40910025963944785
A_Liberty_Autonomy,0.8333333333333334,S_coercive_order@pamV2on,S7,util:deescalate_interaction,0.15
A_Liberty_Autonomy,0.8333333333333334,S_coercive_order@pamV2on,S7,util:protect_status_position,0.08864737744008477
A_Liberty_Autonomy,0.8333333333333334,S_coercive_order@pamV2on,S7,util:recover_resources,0.15
A_Liberty_Autonomy,0.8333333333333334,S_coercive_order@pamV2on,S7,util:maintain_contact_channel,0.15
A_Liberty_Autonomy,0.8333333333333334,S_coercive_order@pamV2on,S7,util:follow_order,0.06364737744008478
A_Liberty_Autonomy,0.8333333333333334,S_coercive_order@pamV2on,S7,util:maintain_cohesion,0.48410025963944786
A_Liberty_Autonomy,0.8333333333333334,S_coercive_order@pamV2on,S7,util:maintain_legitimacy,0.15114737744008477
A_Liberty_Autonomy,0.8333333333333334,S_coercive_order@pamV2on,S7,util:assert_autonomy,0
A_Liberty_Autonomy,0.8333333333333334,S_coercive_order@pamV2on,S7,util:protect_self,0.046069892773773
A_Liberty_Autonomy,0.8333333333333334,S_coercive_order@pamV2on,S7,util:relief_from_stress,0.017286125787918244
A_Liberty_Autonomy,0.8333333333333334,S_coercive_order@pamV2on,S7,util:help_wounded,0.40910025963944785
A_Liberty_Autonomy,0.8333333333333334,S_coercive_order@pamV2on,S7,util:immediate_compliance,0.32153944818354885
A_Liberty_Autonomy,0.8333333333333334,S_coercive_order@pamV2on,S7,util:go_to_surface,0.2664619635172371
A_Liberty_Autonomy,0.8333333333333334,S_coercive_order@pamV2on,S7,util:protect_other,0.4466002596394478
A_Liberty_Autonomy,0.8333333333333334,S_coercive_order@pamV2on,S7,util:protect_others,0.4466002596394478
A_Liberty_Autonomy,0.8333333333333334,S_coercive_order@pamV2on,S7,util:seek_information,0.35271344658950726
A_Liberty_Autonomy,0.8333333333333334,S_coercive_order@pamV2on,S7,util:avoid_blame,0.03864737744008477
A_Liberty_Autonomy,0.8333333333333334,S_coercive_order@pamV2on,S7,util:follow_leader,0.051147377440084775
A_Liberty_Autonomy,0.8333333333333334,S_coercive_order@pamV2on,S7,util:support_leader,0.27387381853976633
A_Liberty_Autonomy,0.8333333333333334,S_coercive_order@pamV2on,S7,util:challenge_leader,0.013647377440084776
A_Liberty_Autonomy,0.8333333333333334,S_coercive_order@pamV2on,S7,util:scrutinize_leader,0.22771344658950726
A_Liberty_Autonomy,0.8333333333333334,S_coercive_order@pamV2on,S7,util:faction_loyalty,0.2488738185397663
A_Liberty_Autonomy,0.8333333333333334,S_coercive_order@pamV2on,S7,util:contain_enemy,0.2414619635172371
A_Liberty_Autonomy,0.8333333333333334,S_coercive_order@pamV2on,S7,util:monitor_enemy,0.21474389117973136
A_Liberty_Autonomy,0.8333333333333334,S_coercive_order@pamV2on,S7,util:complete_mission,0.28403944818354887
A_Liberty_Autonomy,0.8333333333333334,S_coercive_order@pamV2on,S7,util:preserve_knowledge,0.22499269419804116
A_Liberty_Autonomy,0.8333333333333334,S_coercive_order@pamV2on,S7,util:contain_threat,0.2664619635172371
A_Liberty_Autonomy,0.8333333333333334,S_coercive_order@pamV2on,S7,util:avoid_pain,0.024708641121606464
A_Liberty_Autonomy,0.8333333333333334,S_coercive_order@pamV2on,S7,util:keep_vow,0.0813186957920828
A_Liberty_Autonomy,0.8333333333333334,S_coercive_order@pamV2on,S7,util:uphold_values,0.08864737744008477
A_Liberty_Autonomy,0.8333333333333334,S_coercive_order@pamV2on,S7,util:redeem_self,0.08864737744008477
A_Liberty_Autonomy,0.8333333333333334,S_coercive_order@pamV2on,S7,util:fulfill_role,0.12614737744008478
A_Liberty_Autonomy,0.8333333333333334,S_coercive_order@pamV2on,S7,util:protect_specific_person,0.40910025963944785
A_Liberty_Autonomy,0.8333333333333334,S_coercive_order@pamV2on,S7,util:test_loyalty,0.2965394481835489
A_Liberty_Autonomy,0.8333333333333334,S_coercive_order@pamV2on,S7,util:escape,0.021069892773772997
A_Liberty_Autonomy,0.8333333333333334,S_coercive_order@pamV2on,S7,util:avenge,0.08864737744008477
A_Liberty_Autonomy,0.8333333333333334,S_coercive_order@pamV2on,S7,util:self_preservation,0.015992408107461234
A_Liberty_Autonomy,0.8333333333333334,S_coercive_order@pamV2on,S7,util:BODY_CIRCADIAN_RESET,0.07092487413575171
A_Liberty_Autonomy,0.8333333333333334,S_coercive_order@pamV2on,S7,util:protect_lives,0.26879633387345453
A_Liberty_Autonomy,0.8333333333333334,S_coercive_order@pamV2on,S7,util:maintain_order,0.3090394481835489
A_Liberty_Autonomy,0.8333333333333334,S_coercive_order@pamV2on,S7,util:seek_status,0.13864737744008476
A_Liberty_Autonomy,0.8333333333333334,S_coercive_order@pamV2on,S7,util:preserve_autonomy,0.008569892773773
A_Liberty_Autonomy,0.8333333333333334,S_coercive_order@pamV2on,S7,util:serve_authority,0.12614737744008478
A_Liberty_Autonomy,0.8333333333333334,S_coercive_order@pamV2on,S7,util:pursue_truth,0.3384953742520015
A_Liberty_Autonomy,0.8333333333333334,S_coercive_order@pamV2on,S7,util:maintain_bonds,0.43410025963944787
A_Liberty_Autonomy,0.8333333333333334,S_coercive_order@pamV2on,S7,util:seek_comfort,0.03720864112160647
A_Liberty_Autonomy,0.8333333333333334,S_coercive_order@pamV2on,S7,util:self_transcendence,0.0938186957920828
A_Liberty_Autonomy,0.8333333333333334,S_coercive_order@pamV2on,S7,util:accumulate_resources,0.2414619635172371
A_Liberty_Autonomy,0.8333333333333334,S_coercive_order@pamV2on,S7,util:other,0.15
A_Liberty_Autonomy,0.8333333333333334,S_coercive_order@pamV2on,S8,prior:A:escape,0.3586617593880996
A_Liberty_Autonomy,0.8333333333333334,S_coercive_order@pamV2on,S8,prior:A:hide,0.2566793434994336
A_Liberty_Autonomy,0.8333333333333334,S_coercive_order@pamV2on,S8,prior:A:wait,0.5763193714742479
A_Liberty_Autonomy,0.8333333333333334,S_coercive_order@pamV2on,S8,prior:B:help,0.06358275094026787
A_Liberty_Autonomy,0.8333333333333334,S_coercive_order@pamV2on,S8,prior:B:harm,0.11600267935043027
A_Liberty_Autonomy,0.8333333333333334,S_coercive_order@pamV2on,S8,prior:B:ask_info,0.9311374575288497
A_Liberty_Autonomy,0.8333333333333334,S_coercive_order@pamV2on,S8,prior:B:avoid,0.10285145046475849
A_Liberty_Autonomy,0.8333333333333334,S_coercive_order@pamV2on,S8,prior:B:confront,0.5636686960691453
A_Liberty_Autonomy,0.8333333333333334,S_coercive_order@pamV2on,S8,prior:B:comfort,0.39742851846720006
A_Liberty_Autonomy,0.8333333333333334,S_coercive_order@pamV2on,S8,prior:B:praise,0.3071038551792
A_Liberty_Autonomy,0.8333333333333334,S_coercive_order@pamV2on,S8,prior:B:apologize,0.30710385517919997
A_Liberty_Autonomy,0.8333333333333334,S_coercive_order@pamV2on,S8,prior:B:share_resource,0.28903892252159996
A_Liberty_Autonomy,0.8333333333333334,S_coercive_order@pamV2on,S8,prior:B:treat,0.28903892252159996
A_Liberty_Autonomy,0.8333333333333334,S_coercive_order@pamV2on,S8,prior:B:guard,0.34323372049440004
A_Liberty_Autonomy,0.8333333333333334,S_coercive_order@pamV2on,S8,prior:B:escort,0.2890389225216
A_Liberty_Autonomy,0.8333333333333334,S_coercive_order@pamV2on,S8,prior:B:command,0.264295625
A_Liberty_Autonomy,0.8333333333333334,S_coercive_order@pamV2on,S8,prior:B:threaten,0.216241875
A_Liberty_Autonomy,0.8333333333333334,S_coercive_order@pamV2on,S8,prior:B:accuse,0.21624187500000003
A_Liberty_Autonomy,0.8333333333333334,S_coercive_order@pamV2on,S8,prior:B:investigate,0.205
A_Liberty_Autonomy,0.8333333333333334,S_coercive_order@pamV2on,S8,prior:B:observe_target,0.35000000000000003
A_Liberty_Autonomy,0.8333333333333334,S_coercive_order@pamV2on,S8,prior:B:verify,0.17500000000000002
A_Liberty_Autonomy,0.8333333333333334,S_coercive_order@pamV2on,S8,prior:B:talk,0.475
A_Liberty_Autonomy,0.8333333333333334,S_coercive_order@pamV2on,S8,prior:B:negotiate,0.395
A_Liberty_Autonomy,0.8333333333333334,S_coercive_order@pamV2on,S8,prior:B:signal,0.28
A_Liberty_Autonomy,0.8333333333333334,S_coercive_order@pamV2on,S8,prior:B:call_backup,0.35000000000000003
A_Liberty_Autonomy,0.8333333333333334,S_coercive_order@pamV2on,S8,prior:B:propose_trade,0.28
A_Liberty_Autonomy,0.8333333333333334,S_coercive_order@pamV2on,S8,prior:B:challenge,0.3043404166666667
A_Liberty_Autonomy,0.8333333333333334,S_coercive_order@pamV2on,S8,prior:B:defy,0.27230458333333335
A_Liberty_Autonomy,0.8333333333333334,S_coercive_order@pamV2on,S6,drv:safetyNeed,0.07267500000000002
A_Liberty_Autonomy,0.8333333333333334,S_coercive_order@pamV2on,S6,drv:controlNeed,0.62488305
A_Liberty_Autonomy,0.8333333333333334,S_coercive_order@pamV2on,S6,drv:statusNeed,0.06655842912004047
A_Liberty_Autonomy,0.8333333333333334,S_coercive_order@pamV2on,S6,drv:affiliationNeed,0.660013338209568
A_Liberty_Autonomy,0.8333333333333334,S_coercive_order@pamV2on,S6,drv:resolveNeed,0.05442993052326309
A_Liberty_Autonomy,0.8333333333333334,S_coercive_order@pamV2on,S6,drv:restNeed,0
A_Liberty_Autonomy,0.8333333333333334,S_coercive_order@pamV2on,S6,drv:curiosityNeed,0.4978814141705625
A_Liberty_Autonomy,0.8333333333333334,S_coercive_order@pamV2on,S8,act:aff:guard:A:B,0.0703125
A_Liberty_Autonomy,0.8333333333333334,S_coercive_order@pamV2on,S8,act:aff:negotiate:A:B,0.08984375
A_Liberty_Autonomy,0.8333333333333334,S_coercive_order@pamV2on,S8,act:cog:observe_target:A:B,0.03125
A_Liberty_Autonomy,0.8333333333333334,S_coercive_order@pamV2on,S8,act:aff:ask_info:A:B,0.052734375
A_Liberty_Autonomy,0.8333333333333334,S_coercive_order@pamV2on,S8,act:cog:investigate:A:B,0.0546875
A_Liberty_Autonomy,0.8333333333333334,S_coercive_order@pamV2on,S8,act:aff:talk:A:B,0.138671875
A_Liberty_Autonomy,0.8333333333333334,S_coercive_order@pamV2on,S8,act:aff:share:A:B,0.044921875
A_Liberty_Autonomy,0.8333333333333334,S_coercive_order@pamV2on,S8,act:con:challenge:A:B,0.056640625
A_Liberty_Autonomy,0.8333333333333334,S_coercive_order@pamV2on,S8,act:cog:wait:A,0.068359375
A_Liberty_Autonomy,0.8333333333333334,S_coercive_order@pamV2on,S8,act:cog:observe:A,0.037109375
A_Liberty_Autonomy,0.8333333333333334,S_coercive_order@pamV2on,S8,act:cog:verify:A:B,0.068359375
A_Liberty_Autonomy,0.8333333333333334,S_coercive_order@pamV2on,S8,act:aff:call_backup:A:B,0.05859375
A_Liberty_Autonomy,0.8333333333333334,S_coercive_order@pamV2on,S8,act:aff:escort:A:B,0.087890625
A_Liberty_Autonomy,0.8333333333333334,S_coercive_order@pamV2on,S8,act:aff:loot:A,0.05859375
A_Liberty_Autonomy,0.8333333333333334,S_coercive_order@pamV2on,S8,act:cog:monologue:A,0.052734375
A_Liberty_Autonomy,0.8333333333333334,S_coercive_order@pamV2on,S8,act:aff:submit:A:B,0.029296875
A_Liberty_Autonomy,0.8333333333333334,S_coercive_order@pamV2on,S8,q:aff:talk:A:B,1.1916113968533069
A_Liberty_Autonomy,0.8333333333333334,S_coercive_order@pamV2on,S8,q:aff:negotiate:A:B,0.7770153738683806
A_Liberty_Autonomy,0.8333333333333334,S_coercive_order@pamV2on,S8,q:aff:escort:A:B,0.42827024645151807
A_Liberty_Autonomy,0.8333333333333334,S_coercive_order@pamV2on,S8,q:cog:monologue:A,0.2907447149001595
A_Liberty_Autonomy,0.8333333333333334,S_coercive_order@pamV2on,S8,q:aff:ask_info:A:B,0.1724549830115387
A_Liberty_Autonomy,0.8333333333333334,S_coercive_order@pamV2on,S8,q:aff:guard:A:B,0.1657633583095617
A_Liberty_Autonomy,0.8333333333333334,S_coercive_order@pamV2on,S8,q:aff:share:A:B,0.15153011722884932
A_Liberty_Autonomy,0.8333333333333334,S_coercive_order@pamV2on,S8,q:aff:submit:A:B,0.05470951467541243
A_Liberty_Autonomy,0.8333333333333334,S_coercive_order@pamV2on,S8,q:con:challenge:A:B,0.050169254617824344
A_Liberty_Autonomy,0.8333333333333334,S_coercive_order@pamV2on,S8,q:cog:observe:A,-0.014375000000000188
A_Liberty_Autonomy,0.8333333333333334,S_coercive_order@pamV2on,S8,action_entropy,3.8885995112404705
A_Liberty_Autonomy,0.8333333333333334,S_coercive_order@pamV2on,STATE,stress,0
A_Liberty_Autonomy,0.8333333333333334,S_coercive_order@pamV2on,STATE,ctxDanger,0.15000000000000002
A_Liberty_Autonomy,0.8333333333333334,S_coercive_order@pamV2on,OUTCOME,outcome:complied,0.1875
A_Liberty_Autonomy,0.8333333333333334,S_coercive_order@pamV2on,OUTCOME,outcome:negotiated_terms,0.39453125
A_Liberty_Autonomy,0.8333333333333334,S_coercive_order@pamV2on,OUTCOME,outcome:evaded,0.302734375
A_Liberty_Autonomy,0.8333333333333334,S_coercive_order@pamV2on,OUTCOME,outcome:defied,0.115234375
A_Liberty_Autonomy,0.8333333333333334,S_coercive_order@pamV2on,OUTCOME,outcome_mean_self,1.322265625
A_Liberty_Autonomy,0.8333333333333334,S_coercive_order@pamV2on,OUTCOME,outcome_mean_other,1.466796875
A_Liberty_Autonomy,0.8333333333333334,S_coercive_order@pamV2on,OUTCOME,coop_rate,0
A_Liberty_Autonomy,0.8333333333333334,S_coercive_order@pamV2on,OUTCOME,unclassified_rate,0
A_Liberty_Autonomy,1,S_coercive_order@pamV2on,S7,goal:affiliation,0.40910025963944785
A_Liberty_Autonomy,1,S_coercive_order@pamV2on,S7,goal:control,0.35443151892701297
A_Liberty_Autonomy,1,S_coercive_order@pamV2on,S7,goal:exploration,0.3259953742520015
A_Liberty_Autonomy,1,S_coercive_order@pamV2on,S7,goal:wealth,0.13889726629897584
A_Liberty_Autonomy,1,S_coercive_order@pamV2on,S7,goal:status,0.05232980567946936
A_Liberty_Autonomy,1,S_coercive_order@pamV2on,S7,goal:safety,0
A_Liberty_Autonomy,1,S_coercive_order@pamV2on,S7,goal:order,0
A_Liberty_Autonomy,1,S_coercive_order@pamV2on,S7,goal:rest,0.034607302375136303
A_Liberty_Autonomy,1,S_coercive_order@pamV2on,S7,util:reduce_self_threat,0.07849240810746123
A_Liberty_Autonomy,1,S_coercive_order@pamV2on,S7,util:stabilize_other,0.40910025963944785
A_Liberty_Autonomy,1,S_coercive_order@pamV2on,S7,util:verify_claim,0.15
A_Liberty_Autonomy,1,S_coercive_order@pamV2on,S7,util:preserve_cooperation,0.40910025963944785
A_Liberty_Autonomy,1,S_coercive_order@pamV2on,S7,util:confront_threat_source,0.15
A_Liberty_Autonomy,1,S_coercive_order@pamV2on,S7,util:restore_self_control,0.15
A_Liberty_Autonomy,1,S_coercive_order@pamV2on,S7,util:maintain_trust_signal,0.40910025963944785
A_Liberty_Autonomy,1,S_coercive_order@pamV2on,S7,util:deescalate_interaction,0.15
A_Liberty_Autonomy,1,S_coercive_order@pamV2on,S7,util:protect_status_position,0.08864737744008477
A_Liberty_Autonomy,1,S_coercive_order@pamV2on,S7,util:recover_resources,0.15
A_Liberty_Autonomy,1,S_coercive_order@pamV2on,S7,util:maintain_contact_channel,0.15
A_Liberty_Autonomy,1,S_coercive_order@pamV2on,S7,util:follow_order,0.06364737744008478
A_Liberty_Autonomy,1,S_coercive_order@pamV2on,S7,util:maintain_cohesion,0.48410025963944786
A_Liberty_Autonomy,1,S_coercive_order@pamV2on,S7,util:maintain_legitimacy,0.15114737744008477
A_Liberty_Autonomy,1,S_coercive_order@pamV2on,S7,util:assert_autonomy,0
A_Liberty_Autonomy,1,S_coercive_order@pamV2on,S7,util:protect_self,0.046069892773773
A_Liberty_Autonomy,1,S_coercive_order@pamV2on,S7,util:relief_from_stress,0.017286125787918244
A_Liberty_Autonomy,1,S_coercive_order@pamV2on,S7,util:help_wounded,0.40910025963944785
A_Liberty_Autonomy,1,S_coercive_order@pamV2on,S7,util:immediate_compliance,0.32153944818354885
A_Liberty_Autonomy,1,S_coercive_order@pamV2on,S7,util:go_to_surface,0.2664619635172371
A_Liberty_Autonomy,1,S_coercive_order@pamV2on,S7,util:protect_other,0.4466002596394478
A_Liberty_Autonomy,1,S_coercive_order@pamV2on,S7,util:protect_others,0.4466002596394478
A_Liberty_Autonomy,1,S_coercive_order@pamV2on,S7,util:seek_information,0.35271344658950726
A_Liberty_Autonomy,1,S_coercive_order@pamV2on,S7,util:avoid_blame,0.03864737744008477
A_Liberty_Autonomy,1,S_coercive_order@pamV2on,S7,util:follow_leader,0.051147377440084775
A_Liberty_Autonomy,1,S_coercive_order@pamV2on,S7,util:support_leader,0.27387381853976633
A_Liberty_Autonomy,1,S_coercive_order@pamV2on,S7,util:challenge_leader,0.013647377440084776
A_Liberty_Autonomy,1,S_coercive_order@pamV2on,S7,util:scrutinize_leader,0.22771344658950726
A_Liberty_Autonomy,1,S_coercive_order@pamV2on,S7,util:faction_loyalty,0.2488738185397663
A_Liberty_Autonomy,1,S_coercive_order@pamV2on,S7,util:contain_enemy,0.2414619635172371
A_Liberty_Autonomy,1,S_coercive_order@pamV2on,S7,util:monitor_enemy,0.21474389117973136
A_Liberty_Autonomy,1,S_coercive_order@pamV2on,S7,util:complete_mission,0.28403944818354887
A_Liberty_Autonomy,1,S_coercive_order@pamV2on,S7,util:preserve_knowledge,0.22499269419804116
A_Liberty_Autonomy,1,S_coercive_order@pamV2on,S7,util:contain_threat,0.2664619635172371
A_Liberty_Autonomy,1,S_coercive_order@pamV2on,S7,util:avoid_pain,0.024708641121606464
A_Liberty_Autonomy,1,S_coercive_order@pamV2on,S7,util:keep_vow,0.0813186957920828
A_Liberty_Autonomy,1,S_coercive_order@pamV2on,S7,util:uphold_values,0.08864737744008477
A_Liberty_Autonomy,1,S_coercive_order@pamV2on,S7,util:redeem_self,0.08864737744008477
A_Liberty_Autonomy,1,S_coercive_order@pamV2on,S7,util:fulfill_role,0.12614737744008478
A_Liberty_Autonomy,1,S_coercive_order@pamV2on,S7,util:protect_specific_person,0.40910025963944785
A_Liberty_Autonomy,1,S_coercive_order@pamV2on,S7,util:test_loyalty,0.2965394481835489
A_Liberty_Autonomy,1,S_coercive_order@pamV2on,S7,util:escape,0.021069892773772997
A_Liberty_Autonomy,1,S_coercive_order@pamV2on,S7,util:avenge,0.08864737744008477
A_Liberty_Autonomy,1,S_coercive_order@pamV2on,S7,util:self_preservation,0.015992408107461234
A_Liberty_Autonomy,1,S_coercive_order@pamV2on,S7,util:BODY_CIRCADIAN_RESET,0.07092487413575171
A_Liberty_Autonomy,1,S_coercive_order@pamV2on,S7,util:protect_lives,0.26879633387345453
A_Liberty_Autonomy,1,S_coercive_order@pamV2on,S7,util:maintain_order,0.3090394481835489
A_Liberty_Autonomy,1,S_coercive_order@pamV2on,S7,util:seek_status,0.13864737744008476
A_Liberty_Autonomy,1,S_coercive_order@pamV2on,S7,util:preserve_autonomy,0.008569892773773
A_Liberty_Autonomy,1,S_coercive_order@pamV2on,S7,util:serve_authority,0.12614737744008478
A_Liberty_Autonomy,1,S_coercive_order@pamV2on,S7,util:pursue_truth,0.3384953742520015
A_Liberty_Autonomy,1,S_coercive_order@pamV2on,S7,util:maintain_bonds,0.43410025963944787
A_Liberty_Autonomy,1,S_coercive_order@pamV2on,S7,util:seek_comfort,0.03720864112160647
A_Liberty_Autonomy,1,S_coercive_order@pamV2on,S7,util:self_transcendence,0.0938186957920828
A_Liberty_Autonomy,1,S_coercive_order@pamV2on,S7,util:accumulate_resources,0.2414619635172371
A_Liberty_Autonomy,1,S_coercive_order@pamV2on,S7,util:other,0.15
A_Liberty_Autonomy,1,S_coercive_order@pamV2on,S8,prior:A:escape,0.3586617593880996
A_Liberty_Autonomy,1,S_coercive_order@pamV2on,S8,prior:A:hide,0.2566793434994336
A_Liberty_Autonomy,1,S_coercive_order@pamV2on,S8,prior:A:wait,0.5763193714742479
A_Liberty_Autonomy,1,S_coercive_order@pamV2on,S8,prior:B:help,0.06358275094026787
A_Liberty_Autonomy,1,S_coercive_order@pamV2on,S8,prior:B:harm,0.11600267935043027
A_Liberty_Autonomy,1,S_coercive_order@pamV2on,S8,prior:B:ask_info,0.9311374575288497
A_Liberty_Autonomy,1,S_coercive_order@pamV2on,S8,prior:B:avoid,0.10285145046475849
A_Liberty_Autonomy,1,S_coercive_order@pamV2on,S8,prior:B:confront,0.5636686960691453
A_Liberty_Autonomy,1,S_coercive_order@pamV2on,S8,prior:B:comfort,0.39742851846720006
A_Liberty_Autonomy,1,S_coercive_order@pamV2on,S8,prior:B:praise,0.3071038551792
A_Liberty_Autonomy,1,S_coercive_order@pamV2on,S8,prior:B:apologize,0.30710385517919997
A_Liberty_Autonomy,1,S_coercive_order@pamV2on,S8,prior:B:share_resource,0.28903892252159996
A_Liberty_Autonomy,1,S_coercive_order@pamV2on,S8,prior:B:treat,0.28903892252159996
A_Liberty_Autonomy,1,S_coercive_order@pamV2on,S8,prior:B:guard,0.34323372049440004
A_Liberty_Autonomy,1,S_coercive_order@pamV2on,S8,prior:B:escort,0.2890389225216
A_Liberty_Autonomy,1,S_coercive_order@pamV2on,S8,prior:B:command,0.264295625
A_Liberty_Autonomy,1,S_coercive_order@pamV2on,S8,prior:B:threaten,0.216241875
A_Liberty_Autonomy,1,S_coercive_order@pamV2on,S8,prior:B:accuse,0.21624187500000003
A_Liberty_Autonomy,1,S_coercive_order@pamV2on,S8,prior:B:investigate,0.205
A_Liberty_Autonomy,1,S_coercive_order@pamV2on,S8,prior:B:observe_target,0.35000000000000003
A_Liberty_Autonomy,1,S_coercive_order@pamV2on,S8,prior:B:verify,0.17500000000000002
A_Liberty_Autonomy,1,S_coercive_order@pamV2on,S8,prior:B:talk,0.475
A_Liberty_Autonomy,1,S_coercive_order@pamV2on,S8,prior:B:negotiate,0.395
A_Liberty_Autonomy,1,S_coercive_order@pamV2on,S8,prior:B:signal,0.28
A_Liberty_Autonomy,1,S_coercive_order@pamV2on,S8,prior:B:call_backup,0.35000000000000003
A_Liberty_Autonomy,1,S_coercive_order@pamV2on,S8,prior:B:propose_trade,0.28
A_Liberty_Autonomy,1,S_coercive_order@pamV2on,S8,prior:B:challenge,0.36040312499999994
A_Liberty_Autonomy,1,S_coercive_order@pamV2on,S8,prior:B:defy,0.33637625
A_Liberty_Autonomy,1,S_coercive_order@pamV2on,S6,drv:safetyNeed,0.07267500000000002
A_Liberty_Autonomy,1,S_coercive_order@pamV2on,S6,drv:controlNeed,0.62488305
A_Liberty_Autonomy,1,S_coercive_order@pamV2on,S6,drv:statusNeed,0.06655842912004047
A_Liberty_Autonomy,1,S_coercive_order@pamV2on,S6,drv:affiliationNeed,0.660013338209568
A_Liberty_Autonomy,1,S_coercive_order@pamV2on,S6,drv:resolveNeed,0.05442993052326309
A_Liberty_Autonomy,1,S_coercive_order@pamV2on,S6,drv:restNeed,0
A_Liberty_Autonomy,1,S_coercive_order@pamV2on,S6,drv:curiosityNeed,0.4978814141705625
A_Liberty_Autonomy,1,S_coercive_order@pamV2on,S8,act:aff:guard:A:B,0.0703125
A_Liberty_Autonomy,1,S_coercive_order@pamV2on,S8,act:aff:negotiate:A:B,0.08984375
A_Liberty_Autonomy,1,S_coercive_order@pamV2on,S8,act:cog:observe_target:A:B,0.03125
A_Liberty_Autonomy,1,S_coercive_order@pamV2on,S8,act:aff:ask_info:A:B,0.052734375
A_Liberty_Autonomy,1,S_coercive_order@pamV2on,S8,act:cog:investigate:A:B,0.0546875
A_Liberty_Autonomy,1,S_coercive_order@pamV2on,S8,act:aff:talk:A:B,0.138671875
A_Liberty_Autonomy,1,S_coercive_order@pamV2on,S8,act:aff:share:A:B,0.044921875
A_Liberty_Autonomy,1,S_coercive_order@pamV2on,S8,act:aff:submit:A:B,0.056640625
A_Liberty_Autonomy,1,S_coercive_order@pamV2on,S8,act:cog:wait:A,0.068359375
A_Liberty_Autonomy,1,S_coercive_order@pamV2on,S8,act:cog:observe:A,0.037109375
A_Liberty_Autonomy,1,S_coercive_order@pamV2on,S8,act:cog:verify:A:B,0.068359375
A_Liberty_Autonomy,1,S_coercive_order@pamV2on,S8,act:aff:call_backup:A:B,0.05859375
A_Liberty_Autonomy,1,S_coercive_order@pamV2on,S8,act:aff:escort:A:B,0.087890625
A_Liberty_Autonomy,1,S_coercive_order@pamV2on,S8,act:aff:loot:A,0.05859375
A_Liberty_Autonomy,1,S_coercive_order@pamV2on,S8,act:cog:monologue:A,0.052734375
A_Liberty_Autonomy,1,S_coercive_order@pamV2on,S8,act:con:challenge:A:B,0.029296875
A_Liberty_Autonomy,1,S_coercive_order@pamV2on,S8,q:aff:talk:A:B,1.1916113968533069
A_Liberty_Autonomy,1,S_coercive_order@pamV2on,S8,q:aff:negotiate:A:B,0.7770153738683806
A_Liberty_Autonomy,1,S_coercive_order@pamV2on,S8,q:aff:escort:A:B,0.42827024645151807
A_Liberty_Autonomy,1,S_coercive_order@pamV2on,S8,q:cog:monologue:A,0.2907447149001595
A_Liberty_Autonomy,1,S_coercive_order@pamV2on,S8,q:aff:ask_info:A:B,0.1724549830115387
A_Liberty_Autonomy,1,S_coercive_order@pamV2on,S8,q:aff:guard:A:B,0.1657633583095617
A_Liberty_Autonomy,1,S_coercive_order@pamV2on,S8,q:aff:share:A:B,0.15153011722884932
A_Liberty_Autonomy,1,S_coercive_order@pamV2on,S8,q:con:challenge:A:B,0.06947921865724913
A_Liberty_Autonomy,1,S_coercive_order@pamV2on,S8,q:aff:submit:A:B,0.05470951467541243
A_Liberty_Autonomy,1,S_coercive_order@pamV2on,S8,q:cog:observe:A,-0.014375000000000188
A_Liberty_Autonomy,1,S_coercive_order@pamV2on,S8,action_entropy,3.8885995112404705
A_Liberty_Autonomy,1,S_coercive_order@pamV2on,STATE,stress,0
A_Liberty_Autonomy,1,S_coercive_order@pamV2on,STATE,ctxDanger,0.15000000000000002
A_Liberty_Autonomy,1,S_coercive_order@pamV2on,OUTCOME,outcome:complied,0.21484375
A_Liberty_Autonomy,1,S_coercive_order@pamV2on,OUTCOME,outcome:negotiated_terms,0.39453125
A_Liberty_Autonomy,1,S_coercive_order@pamV2on,OUTCOME,outcome:evaded,0.302734375
A_Liberty_Autonomy,1,S_coercive_order@pamV2on,OUTCOME,outcome:defied,0.087890625
A_Liberty_Autonomy,1,S_coercive_order@pamV2on,OUTCOME,outcome_mean_self,1.267578125
A_Liberty_Autonomy,1,S_coercive_order@pamV2on,OUTCOME,outcome_mean_other,1.521484375
A_Liberty_Autonomy,1,S_coercive_order@pamV2on,OUTCOME,coop_rate,0
A_Liberty_Autonomy,1,S_coercive_order@pamV2on,OUTCOME,unclassified_rate,0
